51.1394882202148	34.4422760009766
51.1395882202149	34.4422314428173
51.1396882202148	34.4421868846581
51.1397882202149	34.4421423264989
51.1398882202148	34.4420977683396
51.1399882202148	34.4420532101804
51.1400882202148	34.4420086520212
51.1401882202148	34.4419640938619
51.1402882202148	34.4419195357027
51.1403882202148	34.4418749775435
51.1404882202148	34.4418304193842
51.1405882202148	34.4417858612250
51.1406882202148	34.4417413030658
51.1407882202148	34.4416967449065
51.1408882202148	34.4416521867473
51.1409882202148	34.4416076285881
51.1410882202149	34.4415630704289
51.1411882202148	34.4415185122696
51.1412882202149	34.4414739541104
51.1413882202148	34.4414293959512
51.1414882202148	34.4413848377919
51.1415882202148	34.4413402796327
51.1416882202148	34.4412957214735
51.1417882202148	34.4412511633142
51.1418882202148	34.4412066051550
51.1419882202148	34.4411620469958
51.1420882202148	34.4411174888365
51.1421882202148	34.4410729306773
51.1422882202148	34.4410283725181
51.1423882202148	34.4409838143588
51.1424882202148	34.4409392561996
51.1425882202149	34.4408946980404
51.1426882202148	34.4408501398811
51.1427882202149	34.4408055817219
51.1428882202148	34.4407610235627
51.1429882202148	34.4407164654034
51.1430882202148	34.4406719072442
51.1431882202148	34.4406273490850
51.1432882202148	34.4405827909257
51.1433882202148	34.4405382327665
51.1434882202148	34.4404936746073
51.1435882202148	34.4404491164481
51.1436882202148	34.4404045582888
51.1437882202148	34.4403600001296
51.1438882202148	34.4403154419704
51.1439882202148	34.4402708838111
51.1440882202149	34.4402263256519
51.1441882202148	34.4401817674927
51.1442882202149	34.4401372093334
51.1443882202148	34.4400926511742
51.1444882202148	34.4400480930150
51.1445882202148	34.4400035348557
51.1446882202148	34.4399589766965
51.1447882202148	34.4399144185373
51.1448882202148	34.4398698603780
51.1449882202148	34.4398253022188
51.1450882202148	34.4397807440596
51.1451882202148	34.4397361859003
51.1452882202148	34.4396916277411
51.1453882202148	34.4396470695819
51.1454882202148	34.4396025114226
51.1455882202149	34.4395579532634
51.1456882202148	34.4395133951042
51.1457882202149	34.4394688369450
51.1458882202148	34.4394242787857
51.1459882202148	34.4393797206265
51.1460882202148	34.4393351624672
51.1461882202148	34.4392906043080
51.1462882202148	34.4392460461488
51.1463882202148	34.4392014879896
51.1464882202148	34.4391569298303
51.1465882202148	34.4391123716711
51.1466882202148	34.4390678135119
51.1467882202148	34.4390232553526
51.1468882202148	34.4389786971934
51.1469882202148	34.4389341390342
51.1470882202148	34.4388895808749
51.1471882202148	34.4388450227157
51.1472882202149	34.4388004645565
51.1473882202148	34.4387559063972
51.1474882202148	34.4387113482380
51.1475882202148	34.4386667900788
51.1476882202148	34.4386222319195
51.1477882202148	34.4385776737603
51.1478882202148	34.4385331156011
51.1479882202148	34.4384885574418
51.1480882202148	34.4384439992826
51.1481882202148	34.4383994411234
51.1482882202148	34.4383548829641
51.1483882202148	34.4383103248049
51.1484882202148	34.4382657666457
51.1485882202148	34.4382212084864
51.1486882202148	34.4381766503272
51.1487882202149	34.4381320921680
51.1488882202148	34.4380875340087
51.1489882202149	34.4380429758495
51.1490882202148	34.4379984176903
51.1491882202148	34.4379538595311
51.1492882202148	34.4379093013718
51.1493882202148	34.4378647432126
51.1494882202148	34.4378201850534
51.1495882202148	34.4377756268941
51.1496882202148	34.4377310687349
51.1497882202148	34.4376865105757
51.1498882202148	34.4376419524164
51.1499882202148	34.4375973942572
51.1500882202148	34.4375528360980
51.1501882202148	34.4375082779387
51.1502882202149	34.4374637197795
51.1503882202148	34.4374191616203
51.1504882202149	34.4373746034610
51.1505882202148	34.4373300453018
51.1506882202148	34.4372854871426
51.1507882202148	34.4372409289833
51.1508882202148	34.4371963708241
51.1509882202148	34.4371518126649
51.1510882202148	34.4371072545056
51.1511882202148	34.4370626963464
51.1512882202148	34.4370181381872
51.1513882202148	34.4369735800279
51.1514882202148	34.4369290218687
51.1515882202148	34.4368844637095
51.1516882202148	34.4368399055503
51.1517882202149	34.4367953473910
51.1518882202148	34.4367507892318
51.1519882202149	34.4367062310726
51.1520882202148	34.4366616729133
51.1521882202148	34.4366171147541
51.1522882202148	34.4365725565949
51.1523882202148	34.4365279984356
51.1524882202148	34.4364834402764
51.1525882202148	34.4364388821172
51.1526882202148	34.4363943239579
51.1527882202148	34.4363497657987
51.1528882202148	34.4363052076395
51.1529882202148	34.4362606494802
51.1530882202148	34.4362160913210
51.1531882202148	34.4361715331618
51.1532882202149	34.4361269750025
51.1533882202148	34.4360824168433
51.1534882202149	34.4360378586841
51.1535882202148	34.4359933005248
51.1536882202148	34.4359487423656
51.1537882202148	34.4359041842064
51.1538882202148	34.4358596260471
51.1539882202148	34.4358150678879
51.1540882202148	34.4357705097287
51.1541882202148	34.4357259515695
51.1542882202148	34.4356813934102
51.1543882202148	34.4356368352510
51.1544882202148	34.4355922770918
51.1545882202148	34.4355477189325
51.1546882202148	34.4355031607733
51.1547882202149	34.4354586026141
51.1548882202148	34.4354140444548
51.1549882202149	34.4353694862956
51.1550882202148	34.4353249281364
51.1551882202148	34.4352803699771
51.1552882202148	34.4352358118179
51.1553882202148	34.4351912536587
51.1554882202148	34.4351466954994
51.1555882202148	34.4351021373402
51.1556882202148	34.4350575791810
51.1557882202148	34.4350130210217
51.1558882202148	34.4349684628625
51.1559882202148	34.4349239047033
51.1560882202148	34.4348793465440
51.1561882202148	34.4348347883848
51.1562882202149	34.4347902302256
51.1563882202148	34.4347456720663
51.1564882202149	34.4347011139071
51.1565882202148	34.4346565557479
51.1566882202148	34.4346119975887
51.1567882202148	34.4345674394294
51.1568882202148	34.4345228812702
51.1569882202148	34.4344783231110
51.1570882202148	34.4344337649517
51.1571882202148	34.4343892067925
51.1572882202148	34.4343446486333
51.1573882202148	34.4343000904740
51.1574882202148	34.4342555323148
51.1575882202148	34.4342109741556
51.1576882202148	34.4341664159963
51.1577882202149	34.4341218578371
51.1578882202148	34.4340772996779
51.1579882202149	34.4340327415186
51.1580882202148	34.4339881833594
51.1581882202148	34.4339436252002
51.1582882202148	34.4338990670409
51.1583882202148	34.4338545088817
51.1584882202148	34.4338099507225
51.1585882202148	34.4337653925632
51.1586882202148	34.4337208344040
51.1587882202148	34.4336762762448
51.1588882202148	34.4336317180855
51.1589882202148	34.4335871599263
51.1590882202148	34.4335426017671
51.1591882202148	34.4334980436078
51.1592882202148	34.4334534854486
51.1593882202148	34.4334089272894
51.1594882202149	34.4333643691301
51.1595882202148	34.4333198109709
51.1596882202148	34.4332752528117
51.1597882202148	34.4332306946525
51.1598882202148	34.4331861364932
51.1599882202148	34.4331415783340
51.1600882202148	34.4330970201748
51.1601882202148	34.4330524620155
51.1602882202148	34.4330079038563
51.1603882202148	34.4329633456971
51.1604882202148	34.4329187875378
51.1605882202148	34.4328742293786
51.1606882202148	34.4328296712194
51.1607882202148	34.4327851130601
51.1608882202148	34.4327405549009
51.1609882202149	34.4326959967417
51.1610882202148	34.4326514385824
51.1611882202149	34.4326068804232
51.1612882202148	34.4325623222640
51.1613882202148	34.4325177641047
51.1614882202148	34.4324732059455
51.1615882202148	34.4324286477863
51.1616882202148	34.4323840896270
51.1617882202148	34.4323395314678
51.1618882202148	34.4322949733086
51.1619882202148	34.4322504151494
51.1620882202148	34.4322058569901
51.1621882202148	34.4321612988309
51.1622882202148	34.4321167406717
51.1623882202148	34.4320721825124
51.1624882202149	34.4320276243532
51.1625882202148	34.4319830661940
51.1626882202149	34.4319385080347
51.1627882202148	34.4318939498755
51.1628882202148	34.4318493917163
51.1629882202148	34.4318048335570
51.1630882202148	34.4317602753978
51.1631882202148	34.4317157172386
51.1632882202148	34.4316711590793
51.1633882202148	34.4316266009201
51.1634882202148	34.4315820427609
51.1635882202148	34.4315374846016
51.1636882202148	34.4314929264424
51.1637882202148	34.4314483682832
51.1638882202148	34.4314038101239
51.1639882202149	34.4313592519647
51.1640882202148	34.4313146938055
51.1641882202149	34.4312701356462
51.1642882202148	34.4312255774870
51.1643882202148	34.4311810193278
51.1644882202148	34.4311364611686
51.1645882202148	34.4310919030093
51.1646882202148	34.4310473448501
51.1647882202148	34.4310027866909
51.1648882202148	34.4309582285316
51.1649882202148	34.4309136703724
51.1650882202148	34.4308691122132
51.1651882202148	34.4308245540539
51.1652882202148	34.4307799958947
51.1653882202148	34.4307354377355
51.1654882202149	34.4306908795762
51.1655882202148	34.4306463214170
51.1656882202149	34.4306017632578
51.1657882202148	34.4305572050985
51.1658882202148	34.4305126469393
51.1659882202148	34.4304680887801
51.1660882202148	34.4304235306208
51.1661882202148	34.4303789724616
51.1662882202148	34.4303344143024
51.1663882202148	34.4302898561431
51.1664882202148	34.4302452979839
51.1665882202148	34.4302007398247
51.1666882202148	34.4301561816654
51.1667882202148	34.4301116235062
51.1668882202148	34.4300670653470
51.1669882202149	34.4300225071877
51.1670882202148	34.4299779490285
51.1671882202149	34.4299333908693
51.1672882202148	34.4298888327101
51.1673882202148	34.4298442745508
51.1674882202148	34.4297997163916
51.1675882202148	34.4297551582324
51.1676882202148	34.4297106000731
51.1677882202148	34.4296660419139
51.1678882202148	34.4296214837547
51.1679882202148	34.4295769255954
51.1680882202148	34.4295323674362
51.1681882202148	34.4294878092770
51.1682882202148	34.4294432511177
51.1683882202148	34.4293986929585
51.1684882202149	34.4293541347993
51.1685882202148	34.4293095766400
51.1686882202149	34.4292650184808
51.1687882202148	34.4292204603216
51.1688882202148	34.4291759021623
51.1689882202148	34.4291313440031
51.1690882202148	34.4290867858439
51.1691882202148	34.4290422276846
51.1692882202148	34.4289976695254
51.1693882202148	34.4289531113662
51.1694882202148	34.4289085532069
51.1695882202148	34.4288639950477
51.1696882202148	34.4288194368885
51.1697882202148	34.4287748787292
51.1698882202148	34.4287303205700
51.1699882202149	34.4286857624108
51.1700882202148	34.4286412042516
51.1701882202149	34.4285966460923
51.1702882202148	34.4285520879331
51.1703882202148	34.4285075297739
51.1704882202148	34.4284629716146
51.1705882202148	34.4284184134554
51.1706882202148	34.4283738552962
51.1707882202148	34.4283292971369
51.1708882202148	34.4282847389777
51.1709882202148	34.4282401808185
51.1710882202148	34.4281956226592
51.1711882202148	34.4281510645000
51.1712882202148	34.4281065063408
51.1713882202148	34.4280619481815
51.1714882202148	34.4280173900223
51.1715882202148	34.4279728318631
51.1716882202149	34.4279282737038
51.1717882202148	34.4278837155446
51.1718882202148	34.4278391573854
51.1719882202148	34.4277945992261
51.1720882202148	34.4277500410669
51.1721882202148	34.4277054829077
51.1722882202148	34.4276609247484
51.1723882202148	34.4276163665892
51.1724882202148	34.4275718084300
51.1725882202148	34.4275272502707
51.1726882202148	34.4274826921115
51.1727882202148	34.4274381339523
51.1728882202148	34.4273935757931
51.1729882202148	34.4273490176338
51.1730882202148	34.4273044594746
51.1731882202149	34.4272599013154
51.1732882202148	34.4272153431561
51.1733882202149	34.4271707849969
51.1734882202148	34.4271262268377
51.1735882202148	34.4270816686784
51.1736882202148	34.4270371105192
51.1737882202148	34.4269925523600
51.1738882202148	34.4269479942007
51.1739882202148	34.4269034360415
51.1740882202148	34.4268588778823
51.1741882202148	34.4268143197230
51.1742882202148	34.4267697615638
51.1743882202148	34.4267252034046
51.1744882202148	34.4266806452453
51.1745882202148	34.4266360870861
51.1746882202149	34.4265915289269
51.1747882202148	34.4265469707676
51.1748882202149	34.4265024126084
51.1749882202148	34.4264578544492
51.1750882202148	34.4264132962900
51.1751882202148	34.4263687381307
51.1752882202148	34.4263241799715
51.1753882202148	34.4262796218123
51.1754882202148	34.4262350636530
51.1755882202148	34.4261905054938
51.1756882202148	34.4261459473346
51.1757882202148	34.4261013891753
51.1758882202148	34.4260568310161
51.1759882202148	34.4260122728569
51.1760882202148	34.4259677146976
51.1761882202149	34.4259231565384
51.1762882202148	34.4258785983792
51.1763882202149	34.4258340402199
51.1764882202148	34.4257894820607
51.1765882202148	34.4257449239015
51.1766882202148	34.4257003657422
51.1767882202148	34.4256558075830
51.1768882202148	34.4256112494238
51.1769882202148	34.4255666912645
51.1770882202148	34.4255221331053
51.1771882202148	34.4254775749461
51.1772882202148	34.4254330167868
51.1773882202148	34.4253884586276
51.1774882202148	34.4253439004684
51.1775882202148	34.4252993423091
51.1776882202149	34.4252547841499
51.1777882202148	34.4252102259907
51.1778882202149	34.4251656678314
51.1779882202148	34.4251211096722
51.1780882202148	34.4250765515130
51.1781882202148	34.4250319933538
51.1782882202148	34.4249874351945
51.1783882202148	34.4249428770353
51.1784882202148	34.4248983188761
51.1785882202148	34.4248537607168
51.1786882202148	34.4248092025576
51.1787882202148	34.4247646443984
51.1788882202148	34.4247200862391
51.1789882202148	34.4246755280799
51.1790882202148	34.4246309699207
51.1791882202149	34.4245864117614
51.1792882202148	34.4245418536022
51.1793882202149	34.4244972954430
51.1794882202148	34.4244527372837
51.1795882202148	34.4244081791245
51.1796882202148	34.4243636209653
51.1797882202148	34.4243190628060
51.1798882202148	34.4242745046468
51.1799882202148	34.4242299464876
51.1800882202148	34.4241853883283
51.1801882202148	34.4241408301691
51.1802882202148	34.4240962720099
51.1803882202148	34.4240517138506
51.1804882202148	34.4240071556914
51.1805882202148	34.4239625975322
51.1806882202149	34.4239180393730
51.1807882202148	34.4238734812137
51.1808882202149	34.4238289230545
51.1809882202148	34.4237843648953
51.1810882202148	34.4237398067360
51.1811882202148	34.4236952485768
51.1812882202148	34.4236506904176
51.1813882202148	34.4236061322583
51.1814882202148	34.4235615740991
51.1815882202148	34.4235170159399
51.1816882202148	34.4234724577806
51.1817882202148	34.4234278996214
51.1818882202148	34.4233833414622
51.1819882202148	34.4233387833029
51.1820882202148	34.4232942251437
51.1821882202149	34.4232496669845
51.1822882202148	34.4232051088252
51.1823882202149	34.4231605506660
51.1824882202148	34.4231159925068
51.1825882202148	34.4230714343475
51.1826882202148	34.4230268761883
51.1827882202148	34.4229823180291
51.1828882202148	34.4229377598698
51.1829882202148	34.4228932017106
51.1830882202148	34.4228486435514
51.1831882202148	34.4228040853921
51.1832882202148	34.4227595272329
51.1833882202148	34.4227149690737
51.1834882202148	34.4226704109145
51.1835882202148	34.4226258527552
51.1836882202148	34.4225812945960
51.1837882202148	34.4225367364368
51.1838882202149	34.4224921782775
51.1839882202148	34.4224476201183
51.1840882202148	34.4224030619591
51.1841882202148	34.4223585037998
51.1842882202148	34.4223139456406
51.1843882202148	34.4222693874814
51.1844882202148	34.4222248293221
51.1845882202148	34.4221802711629
51.1846882202148	34.4221357130037
51.1847882202148	34.4220911548444
51.1848882202148	34.4220465966852
51.1849882202148	34.4220020385260
51.1850882202148	34.4219574803667
51.1851882202148	34.4219129222075
51.1852882202148	34.4218683640483
51.1853882202149	34.4218238058890
51.1854882202148	34.4217792477298
51.1855882202148	34.4217346895706
51.1856882202148	34.4216901314113
51.1857882202148	34.4216455732521
51.1858882202148	34.4216010150929
51.1859882202148	34.4215564569337
51.1860882202148	34.4215118987744
51.1861882202148	34.4214673406152
51.1862882202148	34.4214227824560
51.1863882202148	34.4213782242967
51.1864882202148	34.4213336661375
51.1865882202148	34.4212891079783
51.1866882202148	34.4212445498190
51.1867882202148	34.4211999916598
51.1868882202149	34.4211554335006
51.1869882202148	34.4211108753413
51.1870882202149	34.4210663171821
51.1871882202148	34.4210217590229
51.1872882202148	34.4209772008636
51.1873882202148	34.4209326427044
51.1874882202148	34.4208880845452
51.1875882202148	34.4208435263859
51.1876882202148	34.4207989682267
51.1877882202148	34.4207544100675
51.1878882202148	34.4207098519082
51.1879882202148	34.4206652937490
51.1880882202148	34.4206207355898
51.1881882202148	34.4205761774306
51.1882882202148	34.4205316192713
51.1883882202149	34.4204870611121
51.1884882202148	34.4204425029528
51.1885882202149	34.4203979447936
51.1886882202148	34.4203533866344
51.1887882202148	34.4203088284752
51.1888882202148	34.4202642703159
51.1889882202148	34.4202197121567
51.1890882202148	34.4201751539975
51.1891882202148	34.4201305958382
51.1892882202148	34.4200860376790
51.1893882202148	34.4200414795198
51.1894882202148	34.4199969213605
51.1895882202148	34.4199523632013
51.1896882202148	34.4199078050421
51.1897882202148	34.4198632468828
51.1898882202149	34.4198186887236
51.1899882202148	34.4197741305644
51.1900882202149	34.4197295724051
51.1901882202148	34.4196850142459
51.1902882202148	34.4196404560867
51.1903882202148	34.4195958979274
51.1904882202148	34.4195513397682
51.1905882202148	34.4195067816090
51.1906882202148	34.4194622234497
51.1907882202148	34.4194176652905
51.1908882202148	34.4193731071313
51.1909882202148	34.4193285489721
51.1910882202148	34.4192839908128
51.1911882202148	34.4192394326536
51.1912882202148	34.4191948744944
51.1913882202149	34.4191503163351
51.1914882202148	34.4191057581759
51.1915882202149	34.4190612000167
51.1916882202148	34.4190166418574
51.1917882202148	34.4189720836982
51.1918882202148	34.4189275255390
51.1919882202148	34.4188829673797
51.1920882202148	34.4188384092205
51.1921882202148	34.4187938510613
51.1922882202148	34.4187492929020
51.1923882202148	34.4187047347428
51.1924882202148	34.4186601765836
51.1925882202148	34.4186156184243
51.1926882202148	34.4185710602651
51.1927882202148	34.4185265021059
51.1928882202149	34.4184819439466
51.1929882202148	34.4184373857874
51.1930882202149	34.4183928276282
51.1931882202148	34.4183482694689
51.1932882202148	34.4183037113097
51.1933882202148	34.4182591531505
51.1934882202148	34.4182145949912
51.1935882202148	34.4181700368320
51.1936882202148	34.4181254786728
51.1937882202148	34.4180809205135
51.1938882202148	34.4180363623543
51.1939882202148	34.4179918041951
51.1940882202148	34.4179472460359
51.1941882202148	34.4179026878766
51.1942882202148	34.4178581297174
51.1943882202148	34.4178135715582
51.1944882202148	34.4177690133989
51.1945882202148	34.4177244552397
51.1946882202148	34.4176798970805
51.1947882202148	34.4176353389212
51.1948882202148	34.4175907807620
51.1949882202148	34.4175462226028
51.1950882202148	34.4175016644435
51.1951882202148	34.4174571062843
51.1952882202148	34.4174125481251
51.1953882202148	34.4173679899658
51.1954882202148	34.4173234318066
51.1955882202148	34.4172788736474
51.1956882202148	34.4172343154881
51.1957882202148	34.4171897573289
51.1958882202148	34.4171451991697
51.1959882202148	34.4171006410104
51.1960882202148	34.4170560828512
51.1961882202148	34.4170115246920
51.1962882202148	34.4169669665328
51.1963882202148	34.4169224083735
51.1964882202148	34.4168778502143
51.1965882202148	34.4168332920550
51.1966882202148	34.4167887338958
51.1967882202148	34.4167441757366
51.1968882202148	34.4166996175774
51.1969882202148	34.4166550594181
51.1970882202148	34.4166105012589
51.1971882202148	34.4165659430997
51.1972882202148	34.4165213849404
51.1973882202148	34.4164768267812
51.1974882202148	34.4164322686220
51.1975882202148	34.4163877104627
51.1976882202148	34.4163431523035
51.1977882202148	34.4162985941443
51.1978882202148	34.4162540359850
51.1979882202148	34.4162094778258
51.1980882202148	34.4161649196666
51.1981882202148	34.4161203615073
51.1982882202148	34.4160758033481
51.1983882202148	34.4160312451889
51.1984882202148	34.4159866870296
51.1985882202148	34.4159421288704
51.1986882202148	34.4158975707112
51.1987882202148	34.4158530125519
51.1988882202148	34.4158084543927
51.1989882202148	34.4157638962335
51.1990882202148	34.4157193380743
51.1991882202148	34.4156747799150
51.1992882202148	34.4156302217558
51.1993882202148	34.4155856635966
51.1994882202148	34.4155411054373
51.1995882202148	34.4154965472781
51.1996882202148	34.4154519891189
51.1997882202148	34.4154074309596
51.1998882202148	34.4153628728004
51.1999882202148	34.4153183146412
51.2000882202148	34.4152737564819
51.2001882202148	34.4152291983227
51.2002882202148	34.4151846401635
51.2003882202148	34.4151400820042
51.2004882202148	34.4150955238450
51.2005882202148	34.4150509656858
51.2006882202148	34.4150064075265
51.2007882202148	34.4149618493673
51.2008882202148	34.4149172912081
51.2009882202148	34.4148727330488
51.2010882202148	34.4148281748896
51.2011882202148	34.4147836167304
51.2012882202148	34.4147390585711
51.2013882202148	34.4146945004119
51.2014882202148	34.4146499422527
51.2015882202148	34.4146053840935
51.2016882202148	34.4145608259342
51.2017882202148	34.4145162677750
51.2018882202148	34.4144717096158
51.2019882202148	34.4144271514565
51.2020882202148	34.4143825932973
51.2021882202148	34.4143380351381
51.2022882202148	34.4142934769788
51.2023882202148	34.4142489188196
51.2024882202148	34.4142043606604
51.2025882202148	34.4141598025011
51.2026882202148	34.4141152443419
51.2027882202148	34.4140706861827
51.2028882202148	34.4140261280234
51.2029882202148	34.4139815698642
51.2030882202148	34.4139370117050
51.2031882202148	34.4138924535457
51.2032882202148	34.4138478953865
51.2033882202148	34.4138033372273
51.2034882202148	34.4137587790680
51.2035882202148	34.4137142209088
51.2036882202148	34.4136696627496
51.2037882202148	34.4136251045903
51.2038882202148	34.4135805464311
51.2039882202148	34.4135359882719
51.2040882202148	34.4134914301126
51.2041882202148	34.4134468719534
51.2042882202148	34.4134023137942
51.2043882202148	34.4133577556350
51.2044882202148	34.4133131974757
51.2045882202148	34.4132686393165
51.2046882202148	34.4132240811573
51.2047882202148	34.4131795229980
51.2048882202148	34.4131349648388
51.2049882202148	34.4130904066796
51.2050882202148	34.4130458485203
51.2051882202148	34.4130012903611
51.2052882202148	34.4129567322019
51.2053882202148	34.4129121740426
51.2054882202148	34.4128676158834
51.2055882202148	34.4128230577242
51.2056882202148	34.4127784995649
51.2057882202148	34.4127339414057
51.2058882202148	34.4126893832465
51.2059882202148	34.4126448250872
51.2060882202148	34.4126002669280
51.2061882202148	34.4125557087688
51.2062882202148	34.4125111506095
51.2063882202148	34.4124665924503
51.2064882202148	34.4124220342911
51.2065882202148	34.4123774761318
51.2066882202148	34.4123329179726
51.2067882202148	34.4122883598134
51.2068882202148	34.4122438016541
51.2069882202148	34.4121992434949
51.2070882202148	34.4121546853357
51.2071882202148	34.4121101271765
51.2072882202148	34.4120655690172
51.2073882202148	34.4120210108580
51.2074882202148	34.4119764526988
51.2075882202148	34.4119318945395
51.2076882202148	34.4118873363803
51.2077882202148	34.4118427782211
51.2078882202148	34.4117982200618
51.2079882202148	34.4117536619026
51.2080882202148	34.4117091037434
51.2081882202148	34.4116645455841
51.2082882202148	34.4116199874249
51.2083882202148	34.4115754292657
51.2084882202148	34.4115308711064
51.2085882202148	34.4114863129472
51.2086882202148	34.4114417547880
51.2087882202148	34.4113971966287
51.2088882202148	34.4113526384695
51.2089882202148	34.4113080803103
51.2090882202148	34.4112635221510
51.2091882202148	34.4112189639918
51.2092882202148	34.4111744058326
51.2093882202148	34.4111298476733
51.2094882202148	34.4110852895141
51.2095882202148	34.4110407313549
51.2096882202148	34.4109961731957
51.2097882202148	34.4109516150364
51.2098882202148	34.4109070568772
51.2099882202148	34.4108624987180
51.2100882202148	34.4108179405587
51.2101882202148	34.4107733823995
51.2102882202148	34.4107288242403
51.2103882202148	34.4106842660810
51.2104882202148	34.4106397079218
51.2105882202148	34.4105951497626
51.2106882202148	34.4105505916033
51.2107882202148	34.4105060334441
51.2108882202148	34.4104614752849
51.2109882202148	34.4104169171256
51.2110882202148	34.4103723589664
51.2111882202148	34.4103278008072
51.2112882202148	34.4102832426479
51.2113882202148	34.4102386844887
51.2114882202148	34.4101941263295
51.2115882202148	34.4101495681702
51.2116882202148	34.4101050100110
51.2117882202148	34.4100604518518
51.2118882202148	34.4100158936925
51.2119882202148	34.4099713355333
51.2120882202148	34.4099267773741
51.2121882202148	34.4098822192149
51.2122882202148	34.4098376610556
51.2123882202148	34.4097931028964
51.2124882202148	34.4097485447372
51.2125882202148	34.4097039865779
51.2126882202148	34.4096594284187
51.2127882202148	34.4096148702595
51.2128882202148	34.4095703121002
51.2129882202148	34.4095257539410
51.2130882202148	34.4094811957818
51.2131882202148	34.4094366376225
51.2132882202148	34.4093920794633
51.2133882202148	34.4093475213041
51.2134882202148	34.4093029631448
51.2135882202148	34.4092584049856
51.2136882202148	34.4092138468264
51.2137882202148	34.4091692886671
51.2138882202148	34.4091247305079
51.2139882202148	34.4090801723487
51.2140882202148	34.4090356141894
51.2141882202148	34.4089910560302
51.2142882202148	34.4089464978710
51.2143882202148	34.4089019397117
51.2144882202148	34.4088573815525
51.2145882202148	34.4088128233933
51.2146882202148	34.4087682652340
51.2147882202148	34.4087237070748
51.2148882202148	34.4086791489156
51.2149882202148	34.4086345907564
51.2150882202148	34.4085900325971
51.2151882202148	34.4085454744379
51.2152882202148	34.4085009162787
51.2153882202148	34.4084563581194
51.2154882202148	34.4084117999602
51.2155882202148	34.4083672418010
51.2156882202148	34.4083226836417
51.2157882202148	34.4082781254825
51.2158882202148	34.4082335673233
51.2159882202148	34.4081890091640
51.2160882202148	34.4081444510048
51.2161882202148	34.4080998928456
51.2162882202148	34.4080553346863
51.2163882202148	34.4080107765271
51.2164882202148	34.4079662183679
51.2165882202148	34.4079216602086
51.2166882202148	34.4078771020494
51.2167882202148	34.4078325438902
51.2168882202148	34.4077879857309
51.2169882202148	34.4077434275717
51.2170882202148	34.4076988694125
51.2171882202148	34.4076543112532
51.2172882202148	34.4076097530940
51.2173882202148	34.4075651949348
51.2174882202148	34.4075206367755
51.2175882202148	34.4074760786163
51.2176882202148	34.4074315204571
51.2177882202148	34.4073869622979
51.2178882202148	34.4073424041386
51.2179882202148	34.4072978459794
51.2180882202148	34.4072532878202
51.2181882202148	34.4072087296609
51.2182882202148	34.4071641715017
51.2183882202148	34.4071196133425
51.2184882202148	34.4070750551832
51.2185882202148	34.4070304970240
51.2186882202148	34.4069859388648
51.2187882202148	34.4069413807055
51.2188882202148	34.4068968225463
51.2189882202148	34.4068522643871
51.2190882202148	34.4068077062278
51.2191882202148	34.4067631480686
51.2192882202148	34.4067185899094
51.2193882202148	34.4066740317501
51.2194882202148	34.4066294735909
51.2195882202148	34.4065849154317
51.2196882202148	34.4065403572724
51.2197882202148	34.4064957991132
51.2198882202148	34.4064512409540
51.2199882202148	34.4064066827947
51.2200882202148	34.4063621246355
51.2201882202148	34.4063175664763
51.2202882202148	34.4062730083171
51.2203882202148	34.4062284501578
51.2204882202148	34.4061838919986
51.2205882202148	34.4061393338394
51.2206882202148	34.4060947756801
51.2207882202148	34.4060502175209
51.2208882202148	34.4060056593617
51.2209882202148	34.4059611012024
51.2210882202148	34.4059165430432
51.2211882202148	34.4058719848840
51.2212882202148	34.4058274267247
51.2213882202148	34.4057828685655
51.2214882202148	34.4057383104063
51.2215882202148	34.4056937522470
51.2216882202148	34.4056491940878
51.2217882202148	34.4056046359286
51.2218882202148	34.4055600777693
51.2219882202148	34.4055155196101
51.2220882202148	34.4054709614509
51.2221882202148	34.4054264032916
51.2222882202148	34.4053818451324
51.2223882202148	34.4053372869732
51.2224882202148	34.4052927288140
51.2225882202148	34.4052481706547
51.2226882202148	34.4052036124955
51.2227882202148	34.4051590543363
51.2228882202148	34.4051144961770
51.2229882202148	34.4050699380178
51.2230882202148	34.4050253798586
51.2231882202148	34.4049808216993
51.2232882202148	34.4049362635401
51.2233882202148	34.4048917053809
51.2234882202148	34.4048471472216
51.2235882202148	34.4048025890624
51.2236882202148	34.4047580309032
51.2237882202148	34.4047134727439
51.2238882202148	34.4046689145847
51.2239882202148	34.4046243564255
51.2240882202148	34.4045797982662
51.2241882202148	34.4045352401070
51.2242882202148	34.4044906819478
51.2243882202148	34.4044461237885
51.2244882202148	34.4044015656293
51.2245882202148	34.4043570074701
51.2246882202148	34.4043124493108
51.2247882202148	34.4042678911516
51.2248882202148	34.4042233329924
51.2249882202148	34.4041787748331
51.2250882202148	34.4041342166739
51.2251882202148	34.4040896585147
51.2252882202148	34.4040451003555
51.2253882202148	34.4040005421962
51.2254882202148	34.4039559840370
51.2255882202148	34.4039114258778
51.2256882202148	34.4038668677185
51.2257882202148	34.4038223095593
51.2258882202148	34.4037777514001
51.2259882202148	34.4037331932408
51.2260882202148	34.4036886350816
51.2261882202148	34.4036440769224
51.2262882202148	34.4035995187631
51.2263882202148	34.4035549606039
51.2264882202148	34.4035104024447
51.2265882202148	34.4034658442854
51.2266882202148	34.4034212861262
51.2267882202148	34.4033767279670
51.2268882202148	34.4033321698077
51.2269882202148	34.4032876116485
51.2270882202148	34.4032430534893
51.2271882202148	34.4031984953300
51.2272882202148	34.4031539371708
51.2273882202148	34.4031093790116
51.2274882202148	34.4030648208523
51.2275882202148	34.4030202626931
51.2276882202148	34.4029757045339
51.2277882202148	34.4029311463747
51.2278882202148	34.4028865882154
51.2279882202148	34.4028420300562
51.2280882202148	34.4027974718969
51.2281882202148	34.4027529137377
51.2282882202148	34.4027083555785
51.2283882202148	34.4026637974193
51.2284882202148	34.4026192392600
51.2285882202148	34.4025746811008
51.2286882202148	34.4025301229416
51.2287882202148	34.4024855647823
51.2288882202148	34.4024410066231
51.2289882202148	34.4023964484639
51.2290882202148	34.4023518903046
51.2291882202148	34.4023073321454
51.2292882202148	34.4022627739862
51.2293882202148	34.4022182158269
51.2294882202148	34.4021736576677
51.2295882202148	34.4021290995085
51.2296882202148	34.4020845413492
51.2297882202148	34.4020399831900
51.2298882202148	34.4019954250308
51.2299882202148	34.4019508668715
51.2300882202148	34.4019063087123
51.2301882202148	34.4018617505531
51.2302882202148	34.4018171923938
51.2303882202148	34.4017726342346
51.2304882202148	34.4017280760754
51.2305882202148	34.4016835179162
51.2306882202148	34.4016389597569
51.2307882202148	34.4015944015977
51.2308882202148	34.4015498434385
51.2309882202148	34.4015052852792
51.2310882202148	34.4014607271200
51.2311882202148	34.4014161689608
51.2312882202148	34.4013716108015
51.2313882202148	34.4013270526423
51.2314882202148	34.4012824944831
51.2315882202148	34.4012379363238
51.2316882202148	34.4011933781646
51.2317882202148	34.4011488200054
51.2318882202148	34.4011042618461
51.2319882202148	34.4010597036869
51.2320882202148	34.4010151455277
51.2321882202148	34.4009705873684
51.2322882202148	34.4009260292092
51.2323882202148	34.4008814710500
51.2324882202148	34.4008369128907
51.2325882202148	34.4007923547315
51.2326882202148	34.4007477965723
51.2327882202148	34.4007032384130
51.2328882202148	34.4006586802538
51.2329882202148	34.4006141220946
51.2330882202148	34.4005695639354
51.2331882202148	34.4005250057761
51.2332882202148	34.4004804476169
51.2333882202148	34.4004358894577
51.2334882202148	34.4003913312984
51.2335882202148	34.4003467731392
51.2336882202148	34.4003022149800
51.2337882202148	34.4002576568207
51.2338882202148	34.4002130986615
51.2339882202148	34.4001685405023
51.2340882202148	34.4001239823430
51.2341882202148	34.4000794241838
51.2342882202148	34.4000348660246
51.2343882202148	34.3999903078653
51.2344882202148	34.3999457497061
51.2345882202148	34.3999011915469
51.2346882202148	34.3998566333876
51.2347882202148	34.3998120752284
51.2348882202148	34.3997675170692
51.2349882202148	34.3997229589099
51.2350882202148	34.3996784007507
51.2351882202148	34.3996338425915
51.2352882202148	34.3995892844322
51.2353882202148	34.3995447262730
51.2354882202148	34.3995001681138
51.2355882202148	34.3994556099545
51.2356882202148	34.3994110517953
51.2357882202148	34.3993664936361
51.2358882202148	34.3993219354769
51.2359882202148	34.3992773773176
51.2360882202148	34.3992328191584
51.2361882202148	34.3991882609992
51.2362882202148	34.3991437028399
51.2363882202148	34.3990991446807
51.2364882202148	34.3990545865215
51.2365882202148	34.3990100283622
51.2366882202148	34.3989654702030
51.2367882202148	34.3989209120438
51.2368882202148	34.3988763538845
51.2369882202148	34.3988317957253
51.2370882202148	34.3987872375661
51.2371882202148	34.3987426794068
51.2372882202148	34.3986981212476
51.2373882202148	34.3986535630884
51.2374882202148	34.3986090049291
51.2375882202148	34.3985644467699
51.2376882202148	34.3985198886107
51.2377882202148	34.3984753304514
51.2378882202148	34.3984307722922
51.2379882202148	34.3983862141330
51.2380882202148	34.3983416559737
51.2381882202148	34.3982970978145
51.2382882202148	34.3982525396553
51.2383882202148	34.3982079814960
51.2384882202148	34.3981634233368
51.2385882202148	34.3981188651776
51.2386882202148	34.3980743070184
51.2387882202148	34.3980297488591
51.2388882202148	34.3979851906999
51.2389882202148	34.3979406325407
51.2390882202148	34.3978960743814
51.2391882202148	34.3978515162222
51.2392882202148	34.3978069580630
51.2393882202148	34.3977623999037
51.2394882202148	34.3977178417445
51.2395882202148	34.3976732835853
51.2396882202148	34.3976287254260
51.2397882202148	34.3975841672668
51.2398882202148	34.3975396091076
51.2399882202148	34.3974950509483
51.2400882202148	34.3974504927891
51.2401882202148	34.3974059346299
51.2402882202148	34.3973613764706
51.2403882202148	34.3973168183114
51.2404882202148	34.3972722601522
51.2405882202148	34.3972277019929
51.2406882202148	34.3971831438337
51.2407882202148	34.3971385856745
51.2408882202148	34.3970940275152
51.2409882202148	34.3970494693560
51.2410882202148	34.3970049111968
51.2411882202148	34.3969603530376
51.2412882202148	34.3969157948783
51.2413882202148	34.3968712367191
51.2414882202148	34.3968266785599
51.2415882202148	34.3967821204006
51.2416882202148	34.3967375622414
51.2417882202148	34.3966930040822
51.2418882202148	34.3966484459229
51.2419882202148	34.3966038877637
51.2420882202148	34.3965593296045
51.2421882202148	34.3965147714452
51.2422882202148	34.3964702132860
51.2423882202148	34.3964256551268
51.2424882202148	34.3963810969675
51.2425882202148	34.3963365388083
51.2426882202148	34.3962919806491
51.2427882202148	34.3962474224898
51.2428882202148	34.3962028643306
51.2429882202148	34.3961583061714
51.2430882202148	34.3961137480121
51.2431882202148	34.3960691898529
51.2432882202148	34.3960246316937
51.2433882202148	34.3959800735344
51.2434882202148	34.3959355153752
51.2435882202148	34.3958909572160
51.2436882202148	34.3958463990567
51.2437882202148	34.3958018408975
51.2438882202148	34.3957572827383
51.2439882202148	34.3957127245791
51.2440882202148	34.3956681664198
51.2441882202148	34.3956236082606
51.2442882202148	34.3955790501014
51.2443882202148	34.3955344919421
51.2444882202148	34.3954899337829
51.2445882202148	34.3954453756237
51.2446882202148	34.3954008174644
51.2447882202148	34.3953562593052
51.2448882202148	34.3953117011460
51.2449882202148	34.3952671429867
51.2450882202148	34.3952225848275
51.2451882202148	34.3951780266683
51.2452882202148	34.3951334685090
51.2453882202148	34.3950889103498
51.2454882202148	34.3950443521906
51.2455882202148	34.3949997940313
51.2456882202148	34.3949552358721
51.2457882202148	34.3949106777129
51.2458882202148	34.3948661195536
51.2459882202148	34.3948215613944
51.2460882202148	34.3947770032352
51.2461882202148	34.3947324450759
51.2462882202148	34.3946878869167
51.2463882202148	34.3946433287575
51.2464882202148	34.3945987705983
51.2465882202148	34.3945542124390
51.2466882202148	34.3945096542798
51.2467882202148	34.3944650961206
51.2468882202148	34.3944205379613
51.2469882202148	34.3943759798021
51.2470882202148	34.3943314216429
51.2471882202148	34.3942868634836
51.2472882202148	34.3942423053244
51.2473882202148	34.3941977471652
51.2474882202148	34.3941531890059
51.2475814819336	34.3941116333008
51.2476814819336	34.3938172623613
51.2477814819336	34.3935228914219
51.2478814819336	34.3932285204825
51.2479814819336	34.3929341495430
51.2480814819336	34.3926397786036
51.2481814819336	34.3923454076641
51.2482814819336	34.3920510367247
51.2483814819336	34.3917566657853
51.2484814819336	34.3914622948458
51.2485814819336	34.3911679239064
51.2486814819336	34.3908735529669
51.2487814819336	34.3905791820275
51.2488814819336	34.3902848110880
51.2489814819336	34.3899904401486
51.2490814819336	34.3896960692092
51.2491814819336	34.3894016982697
51.2492814819336	34.3891073273303
51.2493814819336	34.3888129563908
51.2494814819336	34.3885185854514
51.2495814819336	34.3882242145120
51.2496814819336	34.3879298435725
51.2497814819336	34.3876354726331
51.2498814819336	34.3873411016936
51.2499814819336	34.3870467307542
51.2500814819336	34.3867523598148
51.2501814819336	34.3864579888753
51.2502814819336	34.3861636179359
51.2503814819336	34.3858692469964
51.2504814819336	34.3855748760570
51.2505814819336	34.3852805051175
51.2506814819336	34.3849861341781
51.2507814819336	34.3846917632387
51.2508814819336	34.3843973922992
51.2509814819336	34.3841030213598
51.2510814819336	34.3838086504203
51.2511814819336	34.3835142794809
51.2512814819336	34.3832199085415
51.2513814819336	34.3829255376020
51.2514814819336	34.3826311666626
51.2515814819336	34.3823367957231
51.2516814819336	34.3820424247837
51.2517814819336	34.3817480538443
51.2518814819336	34.3814536829048
51.2519814819336	34.3811593119654
51.2520814819336	34.3808649410259
51.2521814819336	34.3805705700865
51.2522814819336	34.3802761991470
51.2523814819336	34.3799818282076
51.2524814819336	34.3796874572682
51.2525814819336	34.3793930863287
51.2526814819336	34.3790987153893
51.2527814819336	34.3788043444498
51.2528814819336	34.3785099735104
51.2529814819336	34.3782156025709
51.2530814819336	34.3779212316315
51.2531814819336	34.3776268606921
51.2532814819336	34.3773324897526
51.2533814819336	34.3770381188132
51.2534814819336	34.3767437478737
51.2535814819336	34.3764493769343
51.2536814819336	34.3761550059948
51.2537814819336	34.3758606350554
51.2538814819336	34.3755662641160
51.2539814819336	34.3752718931765
51.2540814819336	34.3749775222371
51.2541814819336	34.3746831512977
51.2542814819336	34.3743887803582
51.2543814819336	34.3740944094188
51.2544814819336	34.3738000384793
51.2545814819336	34.3735056675399
51.2546814819336	34.3732112966004
51.2547814819336	34.3729169256610
51.2548814819336	34.3726225547216
51.2549814819336	34.3723281837821
51.2550814819336	34.3720338128427
51.2551814819336	34.3717394419033
51.2552814819336	34.3714450709638
51.2553814819336	34.3711507000243
51.2554814819336	34.3708563290849
51.2555814819336	34.3705619581455
51.2556814819336	34.3702675872060
51.2557814819336	34.3699732162666
51.2558814819336	34.3696788453272
51.2559814819336	34.3693844743877
51.2560814819336	34.3690901034483
51.2561814819336	34.3687957325088
51.2562814819336	34.3685013615694
51.2563814819336	34.3682069906299
51.2564814819336	34.3679126196905
51.2565814819336	34.3676182487511
51.2566814819336	34.3673238778116
51.2567814819336	34.3670295068722
51.2568814819336	34.3667351359327
51.2569814819336	34.3664407649933
51.2570814819336	34.3661463940538
51.2571814819336	34.3658520231144
51.2572814819336	34.3655576521750
51.2573814819336	34.3652632812355
51.2574814819336	34.3649689102961
51.2575814819336	34.3646745393567
51.2576814819336	34.3643801684172
51.2577814819336	34.3640857974778
51.2578814819336	34.3637914265383
51.2579814819336	34.3634970555989
51.2580814819336	34.3632026846594
51.2581814819336	34.3629083137200
51.2582814819336	34.3626139427806
51.2583814819336	34.3623195718411
51.2584814819336	34.3620252009017
51.2585814819336	34.3617308299622
51.2586814819336	34.3614364590228
51.2587814819336	34.3611420880833
51.2588814819336	34.3608477171439
51.2589814819336	34.3605533462045
51.2590814819336	34.3602589752650
51.2591814819336	34.3599646043256
51.2592814819336	34.3596702333862
51.2593814819336	34.3593758624467
51.2594814819336	34.3590814915073
51.2595814819336	34.3587871205678
51.2596814819336	34.3584927496284
51.2597814819336	34.3581983786889
51.2598814819336	34.3579040077495
51.2599814819336	34.3576096368101
51.2600814819336	34.3573152658706
51.2601814819336	34.3570208949312
51.2602814819336	34.3567265239917
51.2603814819336	34.3564321530523
51.2604814819336	34.3561377821128
51.2605814819336	34.3558434111734
51.2606814819336	34.3555490402340
51.2607814819336	34.3552546692945
51.2608814819336	34.3549602983551
51.2609814819336	34.3546659274156
51.2610814819336	34.3543715564762
51.2611814819336	34.3540771855368
51.2612814819336	34.3537828145973
51.2613814819336	34.3534884436579
51.2614814819336	34.3531940727184
51.2615814819336	34.3528997017790
51.2616814819336	34.3526053308396
51.2617814819336	34.3523109599001
51.2618814819336	34.3520165889607
51.2619814819336	34.3517222180212
51.2620814819336	34.3514278470818
51.2621814819336	34.3511334761423
51.2622814819336	34.3508391052029
51.2623814819336	34.3505447342635
51.2624814819336	34.3502503633240
51.2625814819336	34.3499559923846
51.2626814819336	34.3496616214451
51.2627814819336	34.3493672505057
51.2628814819336	34.3490728795662
51.2629814819336	34.3487785086268
51.2630814819336	34.3484841376874
51.2631814819336	34.3481897667479
51.2632814819336	34.3478953958085
51.2633814819336	34.3476010248691
51.2634814819336	34.3473066539296
51.2635814819336	34.3470122829902
51.2636814819336	34.3467179120507
51.2637814819336	34.3464235411113
51.2638814819336	34.3461291701718
51.2639814819336	34.3458347992324
51.2640814819336	34.3455404282930
51.2641814819336	34.3452460573535
51.2642814819336	34.3449516864141
51.2643814819336	34.3446573154746
51.2644814819336	34.3443629445352
51.2645814819336	34.3440685735957
51.2646814819336	34.3437742026563
51.2647814819336	34.3434798317169
51.2648814819336	34.3431854607774
51.2649814819336	34.3428910898380
51.2650814819336	34.3425967188986
51.2651814819336	34.3423023479591
51.2652814819336	34.3420079770197
51.2653814819336	34.3417136060802
51.2654814819336	34.3414192351408
51.2655814819336	34.3411248642013
51.2656814819336	34.3408304932619
51.2657814819336	34.3405361223225
51.2658814819336	34.3402417513830
51.2659814819336	34.3399473804436
51.2660814819336	34.3396530095041
51.2661814819336	34.3393586385647
51.2662814819336	34.3390642676252
51.2663814819336	34.3387698966858
51.2664814819336	34.3384755257464
51.2665814819336	34.3381811548069
51.2666814819336	34.3378867838675
51.2667814819336	34.3375924129280
51.2668814819336	34.3372980419886
51.2669814819336	34.3370036710492
51.2670814819336	34.3367093001097
51.2671814819336	34.3364149291703
51.2672814819336	34.3361205582308
51.2673814819336	34.3358261872914
51.2674814819336	34.3355318163520
51.2675814819336	34.3352374454125
51.2676814819336	34.3349430744731
51.2677814819336	34.3346487035336
51.2678814819336	34.3343543325942
51.2679814819336	34.3340599616547
51.2680814819336	34.3337655907153
51.2681814819336	34.3334712197759
51.2682814819336	34.3331768488364
51.2683814819336	34.3328824778970
51.2684814819336	34.3325881069575
51.2685814819336	34.3322937360181
51.2686814819336	34.3319993650787
51.2687814819336	34.3317049941392
51.2688814819336	34.3314106231998
51.2689814819336	34.3311162522603
51.2690814819336	34.3308218813209
51.2691814819336	34.3305275103814
51.2692814819336	34.3302331394420
51.2693814819336	34.3299387685026
51.2694814819336	34.3296443975631
51.2695814819336	34.3293500266237
51.2696814819336	34.3290556556842
51.2697814819336	34.3287612847448
51.2698814819336	34.3284669138054
51.2699814819336	34.3281725428659
51.2700814819336	34.3278781719265
51.2701814819336	34.3275838009870
51.2702814819336	34.3272894300476
51.2703814819336	34.3269950591082
51.2704814819336	34.3267006881687
51.2705814819336	34.3264063172293
51.2706814819336	34.3261119462898
51.2707814819336	34.3258175753504
51.2708814819336	34.3255232044110
51.2709814819336	34.3252288334715
51.2710814819336	34.3249344625321
51.2711814819336	34.3246400915926
51.2712814819336	34.3243457206532
51.2713814819336	34.3240513497137
51.2714814819336	34.3237569787743
51.2715814819336	34.3234626078349
51.2716814819336	34.3231682368954
51.2717814819336	34.3228738659560
51.2718814819336	34.3225794950165
51.2719814819336	34.3222851240771
51.2720814819336	34.3219907531376
51.2721814819336	34.3216963821982
51.2722814819336	34.3214020112588
51.2723814819336	34.3211076403193
51.2724814819336	34.3208132693799
51.2725814819336	34.3205188984404
51.2726814819336	34.3202245275010
51.2727814819336	34.3199301565616
51.2728814819336	34.3196357856221
51.2729814819336	34.3193414146827
51.2730814819336	34.3190470437432
51.2731814819336	34.3187526728038
51.2732814819336	34.3184583018644
51.2733814819336	34.3181639309249
51.2734814819336	34.3178695599855
51.2735814819336	34.3175751890460
51.2736814819336	34.3172808181066
51.2737814819336	34.3169864471671
51.2738814819336	34.3166920762277
51.2739814819336	34.3163977052883
51.2740814819336	34.3161033343488
51.2741814819336	34.3158089634094
51.2742814819336	34.3155145924699
51.2743814819336	34.3152202215305
51.2744814819336	34.3149258505911
51.2745814819336	34.3146314796516
51.2746814819336	34.3143371087122
51.2747814819336	34.3140427377727
51.2748814819336	34.3137483668333
51.2749814819336	34.3134539958938
51.2750814819336	34.3131596249544
51.2751814819336	34.3128652540150
51.2752814819336	34.3125708830755
51.2753814819336	34.3122765121361
51.2754814819336	34.3119821411966
51.2755814819336	34.3116877702572
51.2756814819336	34.3113933993178
51.2757814819336	34.3110990283783
51.2758814819336	34.3108046574389
51.2759814819336	34.3105102864994
51.2760814819336	34.3102159155600
51.2761814819336	34.3099215446206
51.2762814819336	34.3096271736811
51.2763814819336	34.3093328027417
51.2764814819336	34.3090384318022
51.2765814819336	34.3087440608628
51.2766814819336	34.3084496899234
51.2767814819336	34.3081553189839
51.2768814819336	34.3078609480445
51.2769814819336	34.3075665771050
51.2770814819336	34.3072722061656
51.2771814819336	34.3069778352261
51.2772814819336	34.3066834642867
51.2773814819336	34.3063890933473
51.2774814819336	34.3060947224078
51.2775814819336	34.3058003514684
51.2776814819336	34.3055059805289
51.2777814819336	34.3052116095895
51.2778814819336	34.3049172386501
51.2779814819336	34.3046228677106
51.2780814819336	34.3043284967712
51.2781814819336	34.3040341258317
51.2782814819336	34.3037397548923
51.2783814819336	34.3034453839528
51.2784814819336	34.3031510130134
51.2785814819336	34.3028566420740
51.2786814819336	34.3025622711345
51.2787814819336	34.3022679001951
51.2788814819336	34.3019735292556
51.2789814819336	34.3016791583162
51.2790814819336	34.3013847873768
51.2791814819336	34.3010904164373
51.2792814819336	34.3007960454979
51.2793814819336	34.3005016745584
51.2794814819336	34.3002073036190
51.2795814819336	34.2999129326796
51.2796814819336	34.2996185617401
51.2797814819336	34.2993241908007
51.2798814819336	34.2990298198612
51.2799814819336	34.2987354489218
51.2800814819336	34.2984410779823
51.2801814819336	34.2981467070429
51.2802814819336	34.2978523361035
51.2803814819336	34.2975579651640
51.2804814819336	34.2972635942246
51.2805814819336	34.2969692232851
51.2806814819336	34.2966748523457
51.2807814819336	34.2963804814062
51.2808814819336	34.2960861104668
51.2809814819336	34.2957917395274
51.2810814819336	34.2954973685879
51.2811814819336	34.2952029976485
51.2812814819336	34.2949086267090
51.2813814819336	34.2946142557696
51.2814814819336	34.2943198848302
51.2815814819336	34.2940255138907
51.2816814819336	34.2937311429513
51.2817814819336	34.2934367720118
51.2818814819336	34.2931424010724
51.2819814819336	34.2928480301330
51.2820814819336	34.2925536591935
51.2821814819336	34.2922592882541
51.2822814819336	34.2919649173146
51.2823814819336	34.2916705463752
51.2824814819336	34.2913761754357
51.2825814819336	34.2910818044963
51.2826814819336	34.2907874335569
51.2827814819336	34.2904930626174
51.2828814819336	34.2901986916780
51.2829814819336	34.2899043207385
51.2830814819336	34.2896099497991
51.2831814819336	34.2893155788597
51.2832814819336	34.2890212079202
51.2833814819336	34.2887268369808
51.2834814819336	34.2884324660413
51.2835814819336	34.2881380951019
51.2836814819336	34.2878437241625
51.2837814819336	34.2875493532230
51.2838814819336	34.2872549822836
51.2839814819336	34.2869606113441
51.2840814819336	34.2866662404047
51.2841814819336	34.2863718694652
51.2842814819336	34.2860774985258
51.2843814819336	34.2857831275864
51.2844814819336	34.2854887566469
51.2845814819336	34.2851943857075
51.2846814819336	34.2849000147680
51.2847814819336	34.2846056438286
51.2848814819336	34.2843112728892
51.2849814819336	34.2840169019497
51.2850814819336	34.2837225310103
51.2851814819336	34.2834281600708
51.2852814819336	34.2831337891314
51.2853814819336	34.2828394181920
51.2854814819336	34.2825450472525
51.2855814819336	34.2822506763131
51.2856814819336	34.2819563053736
51.2857814819336	34.2816619344342
51.2858814819336	34.2813675634947
51.2859814819336	34.2810731925553
51.2860814819336	34.2807788216159
51.2861814819336	34.2804844506764
51.2862814819336	34.2801900797370
51.2863814819336	34.2798957087975
51.2864814819336	34.2796013378581
51.2865814819336	34.2793069669186
51.2866814819336	34.2790125959792
51.2867814819336	34.2787182250398
51.2868814819336	34.2784238541003
51.2869814819336	34.2781294831609
51.2870814819336	34.2778351122215
51.2871814819336	34.2775407412820
51.2872814819336	34.2772463703426
51.2873814819336	34.2769519994031
51.2874814819336	34.2766576284637
51.2875814819336	34.2763632575242
51.2876814819336	34.2760688865848
51.2877814819336	34.2757745156454
51.2878814819336	34.2754801447059
51.2879814819336	34.2751857737665
51.2880814819336	34.2748914028270
51.2881814819336	34.2745970318876
51.2882814819336	34.2743026609482
51.2883814819336	34.2740082900087
51.2884814819336	34.2737139190693
51.2885814819336	34.2734195481298
51.2886814819336	34.2731251771904
51.2887814819336	34.2728308062510
51.2888814819336	34.2725364353115
51.2889814819336	34.2722420643721
51.2890814819336	34.2719476934326
51.2891814819336	34.2716533224932
51.2892814819336	34.2713589515537
51.2893814819336	34.2710645806143
51.2894814819336	34.2707702096749
51.2895814819336	34.2704758387354
51.2896814819336	34.2701814677960
51.2897814819336	34.2698870968565
51.2898814819336	34.2695927259171
51.2899814819336	34.2692983549776
51.2900814819336	34.2690039840382
51.2901814819336	34.2687096130988
51.2902814819336	34.2684152421593
51.2903814819336	34.2681208712199
51.2904814819336	34.2678265002805
51.2905814819336	34.2675321293410
51.2906814819336	34.2672377584016
51.2907814819336	34.2669433874621
51.2908814819336	34.2666490165227
51.2909814819336	34.2663546455832
51.2910814819336	34.2660602746438
51.2911814819336	34.2657659037044
51.2912814819336	34.2654715327649
51.2913814819336	34.2651771618255
51.2914814819336	34.2648827908860
51.2915814819336	34.2645884199466
51.2916814819336	34.2642940490071
51.2917814819336	34.2639996780677
51.2918814819336	34.2637053071283
51.2919814819336	34.2634109361888
51.2920814819336	34.2631165652494
51.2921814819336	34.2628221943100
51.2922814819336	34.2625278233705
51.2923814819336	34.2622334524311
51.2924814819336	34.2619390814916
51.2925814819336	34.2616447105522
51.2926814819336	34.2613503396127
51.2927814819336	34.2610559686733
51.2928814819336	34.2607615977339
51.2929814819336	34.2604672267944
51.2930814819336	34.2601728558550
51.2931814819336	34.2598784849155
51.2932814819336	34.2595841139761
51.2933814819336	34.2592897430366
51.2934814819336	34.2589953720972
51.2935814819336	34.2587010011578
51.2936814819336	34.2584066302183
51.2937814819336	34.2581122592789
51.2938814819336	34.2578178883394
51.2939814819336	34.2575235174000
51.2940814819336	34.2572291464606
51.2941814819336	34.2569347755211
51.2942814819336	34.2566404045817
51.2943814819336	34.2563460336422
51.2944814819336	34.2560516627028
51.2945814819336	34.2557572917634
51.2946814819336	34.2554629208239
51.2947814819336	34.2551685498845
51.2948814819336	34.2548741789450
51.2949814819336	34.2545798080056
51.2950814819336	34.2542854370661
51.2951814819336	34.2539910661267
51.2952814819336	34.2536966951873
51.2953814819336	34.2534023242478
51.2954814819336	34.2531079533084
51.2955814819336	34.2528135823689
51.2956814819336	34.2525192114295
51.2957814819336	34.2522248404901
51.2958814819336	34.2519304695506
51.2959814819336	34.2516360986112
51.2960814819336	34.2513417276717
51.2961814819336	34.2510473567323
51.2962814819336	34.2507529857928
51.2963814819336	34.2504586148534
51.2964814819336	34.2501642439140
51.2965814819336	34.2498698729745
51.2966814819336	34.2495755020351
51.2967814819336	34.2492811310956
51.2968814819336	34.2489867601562
51.2969814819336	34.2486923892168
51.2970814819336	34.2483980182773
51.2971814819336	34.2481036473379
51.2972814819336	34.2478092763984
51.2973814819336	34.2475149054590
51.2974814819336	34.2472205345196
51.2975814819336	34.2469261635801
51.2976814819336	34.2466317926407
51.2977814819336	34.2463374217012
51.2978814819336	34.2460430507618
51.2979814819336	34.2457486798223
51.2980814819336	34.2454543088829
51.2981814819336	34.2451599379435
51.2982814819336	34.2448655670040
51.2983814819336	34.2445711960646
51.2984814819336	34.2442768251251
51.2985814819336	34.2439824541857
51.2986814819336	34.2436880832463
51.2987814819336	34.2433937123068
51.2988814819336	34.2430993413674
51.2989814819336	34.2428049704279
51.2990814819336	34.2425105994885
51.2991814819336	34.2422162285490
51.2992814819336	34.2419218576096
51.2993814819336	34.2416274866702
51.2994814819336	34.2413331157307
51.2995814819336	34.2410387447913
51.2996814819336	34.2407443738519
51.2997814819336	34.2404500029124
51.2998814819336	34.2401556319730
51.2999814819336	34.2398612610335
51.3000814819336	34.2395668900941
51.3001814819336	34.2392725191546
51.3002814819336	34.2389781482152
51.3003814819336	34.2386837772758
51.3004814819336	34.2383894063363
51.3005814819336	34.2380950353969
51.3006814819336	34.2378006644574
51.3007814819336	34.2375062935180
51.3008814819336	34.2372119225785
51.3009814819336	34.2369175516391
51.3010814819336	34.2366231806997
51.3011814819336	34.2363288097602
51.3012814819336	34.2360344388208
51.3013814819336	34.2357400678813
51.3014814819336	34.2354456969419
51.3015814819336	34.2351513260025
51.3016814819336	34.2348569550630
51.3017814819336	34.2345625841236
51.3018814819336	34.2342682131841
51.3019814819336	34.2339738422447
51.3020814819336	34.2336794713053
51.3021814819336	34.2333851003658
51.3022814819336	34.2330907294264
51.3023814819336	34.2327963584869
51.3024814819336	34.2325019875475
51.3025814819336	34.2322076166080
51.3026814819336	34.2319132456686
51.3027814819336	34.2316188747292
51.3028814819336	34.2313245037897
51.3029814819336	34.2310301328503
51.3030814819336	34.2307357619108
51.3031814819336	34.2304413909714
51.3032814819336	34.2301470200320
51.3033814819336	34.2298526490925
51.3034814819336	34.2295582781531
51.3035814819336	34.2292639072136
51.3036814819336	34.2289695362742
51.3037814819336	34.2286751653347
51.3038814819336	34.2283807943953
51.3039814819336	34.2280864234559
51.3040814819336	34.2277920525164
51.3041814819336	34.2274976815770
51.3042814819336	34.2272033106375
51.3043814819336	34.2269089396981
51.3044814819336	34.2266145687587
51.3045814819336	34.2263201978192
51.3046814819336	34.2260258268798
51.3047814819336	34.2257314559403
51.3048814819336	34.2254370850009
51.3049814819336	34.2251427140615
51.3050814819336	34.2248483431220
51.3051814819336	34.2245539721826
51.3052814819336	34.2242596012431
51.3053814819336	34.2239652303037
51.3054814819336	34.2236708593642
51.3055814819336	34.2233764884248
51.3056814819336	34.2230821174854
51.3057814819336	34.2227877465459
51.3058814819336	34.2224933756065
51.3059814819336	34.2221990046670
51.3060814819336	34.2219046337276
51.3061814819336	34.2216102627882
51.3062814819336	34.2213158918487
51.3063814819336	34.2210215209093
51.3064814819336	34.2207271499698
51.3065814819336	34.2204327790304
51.3066814819336	34.2201384080909
51.3067814819336	34.2198440371515
51.3068814819336	34.2195496662121
51.3069814819336	34.2192552952726
51.3070814819336	34.2189609243332
51.3071814819336	34.2186665533937
51.3072814819336	34.2183721824543
51.3073814819336	34.2180778115149
51.3074814819336	34.2177834405754
51.3075814819336	34.2174890696360
51.3076814819336	34.2171946986965
51.3077814819336	34.2169003277571
51.3078814819336	34.2166059568176
51.3079814819336	34.2163115858782
51.3080814819336	34.2160172149388
51.3081814819336	34.2157228439993
51.3082814819336	34.2154284730599
51.3083814819336	34.2151341021204
51.3084814819336	34.2148397311810
51.3085814819336	34.2145453602416
51.3086814819336	34.2142509893021
51.3087814819336	34.2139566183627
51.3088814819336	34.2136622474232
51.3089814819336	34.2133678764838
51.3090814819336	34.2130735055444
51.3091814819336	34.2127791346049
51.3092814819336	34.2124847636655
51.3093814819336	34.2121903927260
51.3094814819336	34.2118960217866
51.3095814819336	34.2116016508471
51.3096814819336	34.2113072799077
51.3097814819336	34.2110129089683
51.3098814819336	34.2107185380288
51.3099814819336	34.2104241670894
51.3100814819336	34.2101297961499
51.3101814819336	34.2098354252105
51.3102814819336	34.2095410542711
51.3103814819336	34.2092466833316
51.3104814819336	34.2089523123922
51.3105814819336	34.2086579414527
51.3106814819336	34.2083635705133
51.3107814819336	34.2080691995739
51.3108814819336	34.2077748286344
51.3109814819336	34.2074804576950
51.3110814819336	34.2071860867555
51.3111814819336	34.2068917158161
51.3112814819336	34.2065973448766
51.3113814819336	34.2063029739372
51.3114814819336	34.2060086029978
51.3115814819336	34.2057142320583
51.3116814819336	34.2054198611189
51.3117814819336	34.2051254901794
51.3118814819336	34.2048311192400
51.3119814819336	34.2045367483006
51.3120814819336	34.2042423773611
51.3121814819336	34.2039480064217
51.3122814819336	34.2036536354822
51.3123814819336	34.2033592645428
51.3124814819336	34.2030648936034
51.3125814819336	34.2027705226639
51.3126814819336	34.2024761517245
51.3127814819336	34.2021817807850
51.3128814819336	34.2018874098456
51.3129814819336	34.2015930389061
51.3130814819336	34.2012986679667
51.3131814819336	34.2010042970273
51.3132814819336	34.2007099260878
51.3133814819336	34.2004155551484
51.3134814819336	34.2001211842089
51.3135814819336	34.1998268132695
51.3136814819336	34.1995324423300
51.3137814819336	34.1992380713906
51.3138814819336	34.1989437004512
51.3139814819336	34.1986493295117
51.3140814819336	34.1983549585723
51.3141814819336	34.1980605876329
51.3142814819336	34.1977662166934
51.3143814819336	34.1974718457540
51.3144814819336	34.1971774748145
51.3145814819336	34.1968831038751
51.3146814819336	34.1965887329356
51.3147814819336	34.1962943619962
51.3148814819336	34.1959999910568
51.3149814819336	34.1957056201173
51.3150814819336	34.1954112491779
51.3151814819336	34.1951168782384
51.3152814819336	34.1948225072990
51.3153814819336	34.1945281363595
51.3154814819336	34.1942337654201
51.3155814819336	34.1939393944807
51.3156814819336	34.1936450235412
51.3157814819336	34.1933506526018
51.3158814819336	34.1930562816623
51.3159814819336	34.1927619107229
51.3160814819336	34.1924675397835
51.3161814819336	34.1921731688440
51.3162814819336	34.1918787979046
51.3163814819336	34.1915844269651
51.3164814819336	34.1912900560257
51.3165814819336	34.1909956850863
51.3166814819336	34.1907013141468
51.3167814819336	34.1904069432074
51.3168814819336	34.1901125722679
51.3169814819336	34.1898182013285
51.3170814819336	34.1895238303890
51.3171814819336	34.1892294594496
51.3172814819336	34.1889350885102
51.3173814819336	34.1886407175707
51.3174814819336	34.1883463466313
51.3175814819336	34.1880519756918
51.3176814819336	34.1877576047524
51.3177814819336	34.1874632338130
51.3178814819336	34.1871688628735
51.3179814819336	34.1868744919341
51.3180814819336	34.1865801209946
51.3181814819336	34.1862857500552
51.3182814819336	34.1859913791158
51.3183814819336	34.1856970081763
51.3184814819336	34.1854026372369
51.3185814819336	34.1851082662974
51.3186814819336	34.1848138953580
51.3187814819336	34.1845195244185
51.3188814819336	34.1842251534791
51.3189814819336	34.1839307825397
51.3190814819336	34.1836364116002
51.3191814819336	34.1833420406608
51.3192814819336	34.1830476697213
51.3193814819336	34.1827532987819
51.3194814819336	34.1824589278424
51.3195814819336	34.1821645569030
51.3196814819336	34.1818701859636
51.3197814819336	34.1815758150241
51.3198814819336	34.1812814440847
51.3199814819336	34.1809870731452
51.3200814819336	34.1806927022058
51.3201814819336	34.1803983312664
51.3202814819336	34.1801039603269
51.3203814819336	34.1798095893875
51.3204814819336	34.1795152184480
51.3205814819336	34.1792208475086
51.3206814819336	34.1789264765692
51.3207814819336	34.1786321056297
51.3208814819336	34.1783377346903
51.3209814819336	34.1780433637508
51.3210814819336	34.1777489928114
51.3211814819336	34.1774546218719
51.3212814819336	34.1771602509325
51.3213814819336	34.1768658799931
51.3214814819336	34.1765715090536
51.3215814819336	34.1762771381142
51.3216814819336	34.1759827671747
51.3217814819336	34.1756883962353
51.3218814819336	34.1753940252959
51.3219814819336	34.1750996543564
51.3220814819336	34.1748052834170
51.3221814819336	34.1745109124775
51.3222814819336	34.1742165415381
51.3223814819336	34.1739221705987
51.3224814819336	34.1736277996592
51.3225814819336	34.1733334287198
51.3226814819336	34.1730390577803
51.3227814819336	34.1727446868409
51.3228814819336	34.1724503159014
51.3229814819336	34.1721559449620
51.3230814819336	34.1718615740226
51.3231814819336	34.1715672030831
51.3232814819336	34.1712728321437
51.3233814819336	34.1709784612042
51.3234814819336	34.1706840902648
51.3235814819336	34.1703897193253
51.3236814819336	34.1700953483859
51.3237814819336	34.1698009774465
51.3238814819336	34.1695066065070
51.3239814819336	34.1692122355676
51.3240814819336	34.1689178646282
51.3241814819336	34.1686234936887
51.3242814819336	34.1683291227493
51.3243814819336	34.1680347518098
51.3244814819336	34.1677403808704
51.3245814819336	34.1674460099309
51.3246814819336	34.1671516389915
51.3247814819336	34.1668572680521
51.3248814819336	34.1665628971126
51.3249814819336	34.1662685261732
51.3250814819336	34.1659741552337
51.3251814819336	34.1656797842943
51.3252814819336	34.1653854133548
51.3253814819336	34.1650910424154
51.3254814819336	34.1647966714760
51.3255814819336	34.1645023005365
51.3256814819336	34.1642079295971
51.3257814819336	34.1639135586577
51.3258814819336	34.1636191877182
51.3259814819336	34.1633248167788
51.3260814819336	34.1630304458393
51.3261814819336	34.1627360748999
51.3262814819336	34.1624417039604
51.3263814819336	34.1621473330210
51.3264814819336	34.1618529620816
51.3265814819336	34.1615585911421
51.3266814819336	34.1612642202027
51.3267814819336	34.1609698492632
51.3268814819336	34.1606754783238
51.3269814819336	34.1603811073843
51.3270814819336	34.1600867364449
51.3271814819336	34.1597923655055
51.3272814819336	34.1594979945660
51.3273814819336	34.1592036236266
51.3274814819336	34.1589092526871
51.3275814819336	34.1586148817477
51.3276814819336	34.1583205108083
51.3277814819336	34.1580261398688
51.3278814819336	34.1577317689294
51.3279814819336	34.1574373979899
51.3280220031738	34.1573181152344
51.3281220031738	34.1572245202579
51.3282220031738	34.1571309252815
51.3283220031738	34.1570373303050
51.3284220031738	34.1569437353286
51.3285220031738	34.1568501403521
51.3286220031738	34.1567565453757
51.3287220031738	34.1566629503992
51.3288220031738	34.1565693554228
51.3289220031738	34.1564757604463
51.3290220031738	34.1563821654699
51.3291220031738	34.1562885704934
51.3292220031738	34.1561949755170
51.3293220031738	34.1561013805405
51.3294220031738	34.1560077855641
51.3295220031738	34.1559141905876
51.3296220031738	34.1558205956111
51.3297220031738	34.1557270006347
51.3298220031738	34.1556334056582
51.3299220031738	34.1555398106818
51.3300220031738	34.1554462157053
51.3301220031738	34.1553526207289
51.3302220031738	34.1552590257524
51.3303220031738	34.1551654307760
51.3304220031738	34.1550718357995
51.3305220031738	34.1549782408231
51.3306220031738	34.1548846458466
51.3307220031738	34.1547910508702
51.3308220031738	34.1546974558937
51.3309220031738	34.1546038609173
51.3310220031738	34.1545102659408
51.3311220031738	34.1544166709644
51.3312220031738	34.1543230759879
51.3313220031738	34.1542294810115
51.3314220031738	34.1541358860350
51.3315220031738	34.1540422910586
51.3316220031738	34.1539486960821
51.3317220031738	34.1538551011057
51.3318220031738	34.1537615061292
51.3319220031738	34.1536679111527
51.3320220031738	34.1535743161763
51.3321220031738	34.1534807211998
51.3322220031738	34.1533871262234
51.3323220031738	34.1532935312469
51.3324220031738	34.1531999362705
51.3325220031738	34.1531063412940
51.3326220031738	34.1530127463176
51.3327220031738	34.1529191513411
51.3328220031738	34.1528255563647
51.3329220031738	34.1527319613882
51.3330220031738	34.1526383664118
51.3331220031738	34.1525447714353
51.3332220031738	34.1524511764589
51.3333220031738	34.1523575814824
51.3334220031738	34.1522639865060
51.3335220031738	34.1521703915295
51.3336220031738	34.1520767965531
51.3337220031738	34.1519832015766
51.3338220031738	34.1518896066002
51.3339220031738	34.1517960116237
51.3340220031738	34.1517024166473
51.3341220031738	34.1516088216708
51.3342220031738	34.1515152266943
51.3343220031738	34.1514216317179
51.3344220031738	34.1513280367414
51.3345220031738	34.1512344417650
51.3346220031738	34.1511408467885
51.3347220031738	34.1510472518121
51.3348220031738	34.1509536568356
51.3349220031738	34.1508600618592
51.3350220031738	34.1507664668827
51.3351220031738	34.1506728719063
51.3352220031738	34.1505792769298
51.3353220031738	34.1504856819534
51.3354220031738	34.1503920869769
51.3355220031738	34.1502984920005
51.3356220031738	34.1502048970240
51.3357220031738	34.1501113020476
51.3358220031738	34.1500177070711
51.3359220031738	34.1499241120947
51.3360220031738	34.1498305171182
51.3361220031738	34.1497369221418
51.3362220031738	34.1496433271653
51.3363220031738	34.1495497321889
51.3364220031738	34.1494561372124
51.3365220031738	34.1493625422360
51.3366220031738	34.1492689472595
51.3367220031738	34.1491753522830
51.3368220031738	34.1490817573066
51.3369220031738	34.1489881623301
51.3370220031738	34.1488945673537
51.3371220031738	34.1488009723772
51.3372220031738	34.1487073774008
51.3373220031738	34.1486137824243
51.3374220031738	34.1485201874479
51.3375220031738	34.1484265924714
51.3376220031738	34.1483329974950
51.3377220031738	34.1482394025185
51.3378220031738	34.1481458075421
51.3379220031738	34.1480522125656
51.3380220031738	34.1479586175892
51.3381220031738	34.1478650226127
51.3382220031738	34.1477714276363
51.3383220031738	34.1476778326598
51.3384220031738	34.1475842376834
51.3385220031738	34.1474906427069
51.3386220031738	34.1473970477305
51.3387220031738	34.1473034527540
51.3388220031738	34.1472098577775
51.3389220031738	34.1471162628011
51.3390220031738	34.1470226678246
51.3391220031738	34.1469290728482
51.3392220031738	34.1468354778717
51.3393220031738	34.1467418828953
51.3394220031738	34.1466482879188
51.3395220031738	34.1465546929424
51.3396220031738	34.1464610979659
51.3397220031738	34.1463675029895
51.3398220031738	34.1462739080130
51.3399220031738	34.1461803130366
51.3400220031738	34.1460867180601
51.3401220031738	34.1459931230837
51.3402220031738	34.1458995281072
51.3403220031738	34.1458059331308
51.3404220031738	34.1457123381543
51.3405220031738	34.1456187431779
51.3406220031738	34.1455251482014
51.3407220031738	34.1454315532250
51.3408220031738	34.1453379582485
51.3409220031738	34.1452443632721
51.3410220031738	34.1451507682956
51.3411220031738	34.1450571733191
51.3412220031738	34.1449635783427
51.3413220031738	34.1448699833662
51.3414220031738	34.1447763883898
51.3415220031738	34.1446827934133
51.3416220031738	34.1445891984369
51.3417220031738	34.1444956034604
51.3418220031738	34.1444020084840
51.3419220031738	34.1443084135075
51.3420220031738	34.1442148185311
51.3421220031738	34.1441212235546
51.3422220031738	34.1440276285782
51.3423220031738	34.1439340336017
51.3424220031738	34.1438404386253
51.3425220031738	34.1437468436488
51.3426220031738	34.1436532486724
51.3427220031738	34.1435596536959
51.3428220031738	34.1434660587195
51.3429220031738	34.1433724637430
51.3430220031738	34.1432788687666
51.3431220031738	34.1431852737901
51.3432220031738	34.1430916788137
51.3433220031738	34.1429980838372
51.3434220031738	34.1429044888608
51.3435220031738	34.1428108938843
51.3436220031738	34.1427172989079
51.3437220031738	34.1426237039314
51.3438220031738	34.1425301089549
51.3439220031738	34.1424365139785
51.3440220031738	34.1423429190020
51.3441220031738	34.1422493240256
51.3442220031738	34.1421557290491
51.3443220031738	34.1420621340727
51.3444220031738	34.1419685390962
51.3445220031738	34.1418749441198
51.3446220031738	34.1417813491433
51.3447220031738	34.1416877541669
51.3448220031738	34.1415941591904
51.3449220031738	34.1415005642140
51.3450220031738	34.1414069692375
51.3451220031738	34.1413133742611
51.3452220031738	34.1412197792846
51.3453220031738	34.1411261843082
51.3454220031738	34.1410325893317
51.3455220031738	34.1409389943553
51.3456220031738	34.1408453993788
51.3457220031738	34.1407518044024
51.3458220031738	34.1406582094259
51.3459220031738	34.1405646144494
51.3460220031738	34.1404710194730
51.3461220031738	34.1403774244966
51.3462220031738	34.1402838295201
51.3463220031738	34.1401902345436
51.3464220031738	34.1400966395672
51.3465220031738	34.1400030445907
51.3466220031738	34.1399094496143
51.3467220031738	34.1398158546378
51.3468220031738	34.1397222596614
51.3469220031738	34.1396286646849
51.3470220031738	34.1395350697085
51.3471220031738	34.1394414747320
51.3472220031738	34.1393478797556
51.3473220031738	34.1392542847791
51.3474220031738	34.1391606898027
51.3475220031738	34.1390670948262
51.3476220031738	34.1389734998498
51.3477220031738	34.1388799048733
51.3478220031738	34.1387863098969
51.3479220031738	34.1386927149204
51.3480220031738	34.1385991199440
51.3481220031738	34.1385055249675
51.3482220031738	34.1384119299910
51.3483220031738	34.1383183350146
51.3484220031738	34.1382247400381
51.3485220031738	34.1381311450617
51.3486220031738	34.1380375500852
51.3487220031738	34.1379439551088
51.3488220031738	34.1378503601323
51.3489220031738	34.1377567651559
51.3490220031738	34.1376631701794
51.3491220031738	34.1375695752030
51.3492220031738	34.1374759802265
51.3493220031738	34.1373823852501
51.3494220031738	34.1372887902736
51.3495220031738	34.1371951952972
51.3496220031738	34.1371016003207
51.3497220031738	34.1370080053443
51.3498220031738	34.1369144103678
51.3499220031738	34.1368208153914
51.3500220031738	34.1367272204149
51.3501220031738	34.1366336254385
51.3502220031738	34.1365400304620
51.3503220031738	34.1364464354856
51.3504220031738	34.1363528405091
51.3505220031738	34.1362592455327
51.3506220031738	34.1361656505562
51.3507220031738	34.1360720555797
51.3508220031738	34.1359784606033
51.3509220031738	34.1358848656268
51.3510220031738	34.1357912706504
51.3511220031738	34.1356976756739
51.3512220031738	34.1356040806975
51.3513220031738	34.1355104857210
51.3514220031738	34.1354168907446
51.3515220031738	34.1353232957681
51.3516220031738	34.1352297007917
51.3517220031738	34.1351361058152
51.3518220031738	34.1350425108388
51.3519220031738	34.1349489158623
51.3520220031738	34.1348553208859
51.3521220031738	34.1347617259094
51.3522220031738	34.1346681309330
51.3523220031738	34.1345745359565
51.3524220031738	34.1344809409801
51.3525220031738	34.1343873460036
51.3526220031738	34.1342937510272
51.3527220031738	34.1342001560507
51.3528220031738	34.1341065610743
51.3529220031738	34.1340129660978
51.3530220031738	34.1339193711213
51.3531220031738	34.1338257761449
51.3532220031738	34.1337321811684
51.3533220031738	34.1336385861920
51.3534220031738	34.1335449912155
51.3535220031738	34.1334513962391
51.3536220031738	34.1333578012626
51.3537220031738	34.1332642062862
51.3538220031738	34.1331706113097
51.3539220031738	34.1330770163333
51.3540220031738	34.1329834213568
51.3541220031738	34.1328898263804
51.3542220031738	34.1327962314039
51.3543220031738	34.1327026364275
51.3544220031738	34.1326090414510
51.3545220031738	34.1325154464746
51.3546220031738	34.1324218514981
51.3547220031738	34.1323282565217
51.3548220031738	34.1322346615452
51.3549220031738	34.1321410665688
51.3550220031738	34.1320474715923
51.3551220031738	34.1319538766159
51.3552220031738	34.1318602816394
51.3553220031738	34.1317666866630
51.3554220031738	34.1316730916865
51.3555220031738	34.1315794967100
51.3556220031738	34.1314859017336
51.3557220031738	34.1313923067571
51.3558220031738	34.1312987117807
51.3559220031738	34.1312051168042
51.3560220031738	34.1311115218278
51.3561220031738	34.1310179268513
51.3562220031738	34.1309243318749
51.3563220031738	34.1308307368984
51.3564220031738	34.1307371419220
51.3565220031738	34.1306435469455
51.3566220031738	34.1305499519691
51.3567220031738	34.1304563569926
51.3568220031738	34.1303627620162
51.3569220031738	34.1302691670397
51.3570220031738	34.1301755720633
51.3571220031738	34.1300819770868
51.3572220031738	34.1299883821104
51.3573220031738	34.1298947871339
51.3574220031738	34.1298011921575
51.3575220031738	34.1297075971810
51.3576220031738	34.1296140022046
51.3577220031738	34.1295204072281
51.3578220031738	34.1294268122516
51.3579220031738	34.1293332172752
51.3580220031738	34.1292396222987
51.3581220031738	34.1291460273223
51.3582220031738	34.1290524323458
51.3583220031738	34.1289588373694
51.3584220031738	34.1288652423929
51.3585220031738	34.1287716474165
51.3586220031738	34.1286780524400
51.3587220031738	34.1285844574636
51.3588220031738	34.1284908624871
51.3589220031738	34.1283972675107
51.3590220031738	34.1283036725342
51.3591220031738	34.1282100775578
51.3592220031738	34.1281164825813
51.3593220031738	34.1280228876049
51.3594220031738	34.1279292926284
51.3595220031738	34.1278356976520
51.3596220031738	34.1277421026755
51.3597220031738	34.1276485076991
51.3598220031738	34.1275549127226
51.3599220031738	34.1274613177462
51.3600220031738	34.1273677227697
51.3601220031738	34.1272741277932
51.3602220031738	34.1271805328168
51.3603220031738	34.1270869378403
51.3604220031738	34.1269933428639
51.3605220031738	34.1268997478874
51.3606220031738	34.1268061529110
51.3607220031738	34.1267125579345
51.3608220031738	34.1266189629581
51.3609220031738	34.1265253679816
51.3610220031738	34.1264317730052
51.3611220031738	34.1263381780287
51.3612220031738	34.1262445830523
51.3613220031738	34.1261509880758
51.3614220031738	34.1260573930994
51.3615220031738	34.1259637981229
51.3616220031738	34.1258702031465
51.3617220031738	34.1257766081700
51.3618220031738	34.1256830131936
51.3619220031738	34.1255894182171
51.3620220031738	34.1254958232407
51.3621220031738	34.1254022282642
51.3622220031738	34.1253086332878
51.3623220031738	34.1252150383113
51.3624220031738	34.1251214433349
51.3625220031738	34.1250278483584
51.3626220031738	34.1249342533819
51.3627220031738	34.1248406584055
51.3628220031738	34.1247470634290
51.3629220031738	34.1246534684526
51.3630220031738	34.1245598734761
51.3631220031738	34.1244662784997
51.3632220031738	34.1243726835232
51.3633220031738	34.1242790885468
51.3634220031738	34.1241854935703
51.3635220031738	34.1240918985939
51.3636220031738	34.1239983036174
51.3637220031738	34.1239047086410
51.3638220031738	34.1238111136645
51.3639220031738	34.1237175186881
51.3640220031738	34.1236239237116
51.3641220031738	34.1235303287352
51.3642220031738	34.1234367337587
51.3643220031738	34.1233431387823
51.3644220031738	34.1232495438058
51.3645220031738	34.1231559488294
51.3646220031738	34.1230623538529
51.3647220031738	34.1229687588764
51.3648220031738	34.1228751639000
51.3649220031738	34.1227815689235
51.3650220031738	34.1226879739471
51.3651220031738	34.1225943789706
51.3652220031738	34.1225007839942
51.3653220031738	34.1224071890177
51.3654220031738	34.1223135940413
51.3655220031738	34.1222199990648
51.3656220031738	34.1221264040884
51.3657220031738	34.1220328091119
51.3658220031738	34.1219392141355
51.3659220031738	34.1218456191590
51.3660220031738	34.1217520241826
51.3661220031738	34.1216584292061
51.3662220031738	34.1215648342297
51.3663220031738	34.1214712392532
51.3664220031738	34.1213776442768
51.3665220031738	34.1212840493003
51.3666220031738	34.1211904543239
51.3667220031738	34.1210968593474
51.3668220031738	34.1210032643710
51.3669220031738	34.1209096693945
51.3670220031738	34.1208160744180
51.3671220031738	34.1207224794416
51.3672220031738	34.1206288844651
51.3673220031738	34.1205352894887
51.3674220031738	34.1204416945122
51.3675220031738	34.1203480995358
51.3676220031738	34.1202545045593
51.3677220031738	34.1201609095829
51.3678220031738	34.1200673146064
51.3679220031738	34.1199737196300
51.3680220031738	34.1198801246535
51.3681220031738	34.1197865296771
51.3682220031738	34.1196929347006
51.3683220031738	34.1195993397242
51.3684220031738	34.1195057447477
51.3685220031738	34.1194121497713
51.3686220031738	34.1193185547948
51.3687220031738	34.1192249598184
51.3688220031738	34.1191313648419
51.3689220031738	34.1190377698655
51.3690220031738	34.1189441748890
51.3691220031738	34.1188505799126
51.3692220031738	34.1187569849361
51.3693220031738	34.1186633899597
51.3694220031738	34.1185697949832
51.3695220031738	34.1184762000068
51.3696220031738	34.1183826050303
51.3697220031738	34.1182890100538
51.3698220031738	34.1181954150774
51.3699220031738	34.1181018201009
51.3700220031738	34.1180082251245
51.3701220031738	34.1179146301480
51.3702220031738	34.1178210351716
51.3703220031738	34.1177274401951
51.3704220031738	34.1176338452187
51.3705220031738	34.1175402502422
51.3706220031738	34.1174466552658
51.3707220031738	34.1173530602893
51.3708220031738	34.1172594653129
51.3709220031738	34.1171658703364
51.3710220031738	34.1170722753600
51.3711220031738	34.1169786803835
51.3712220031738	34.1168850854071
51.3713220031738	34.1167914904306
51.3714220031738	34.1166978954542
51.3715220031738	34.1166043004777
51.3716220031738	34.1165107055013
51.3717220031738	34.1164171105248
51.3718220031738	34.1163235155484
51.3719220031738	34.1162299205719
51.3720220031738	34.1161363255954
51.3721220031738	34.1160427306190
51.3722220031738	34.1159491356425
51.3723220031738	34.1158555406661
51.3724220031738	34.1157619456896
51.3725220031738	34.1156683507132
51.3726220031738	34.1155747557367
51.3727220031738	34.1154811607603
51.3728220031738	34.1153875657838
51.3729220031738	34.1152939708074
51.3730220031738	34.1152003758309
51.3731220031738	34.1151067808545
51.3732220031738	34.1150131858780
51.3733220031738	34.1149195909016
51.3734220031738	34.1148259959251
51.3735220031738	34.1147324009487
51.3736220031738	34.1146388059722
51.3737220031738	34.1145452109958
51.3738220031738	34.1144516160193
51.3739220031738	34.1143580210429
51.3740220031738	34.1142644260664
51.3741220031738	34.1141708310900
51.3742220031738	34.1140772361135
51.3743220031738	34.1139836411370
51.3744220031738	34.1138900461606
51.3745220031738	34.1137964511841
51.3746220031738	34.1137028562077
51.3747220031738	34.1136092612312
51.3748220031738	34.1135156662548
51.3749220031738	34.1134220712783
51.3750220031738	34.1133284763019
51.3751220031738	34.1132348813254
51.3752220031738	34.1131412863490
51.3753220031738	34.1130476913725
51.3754220031738	34.1129540963961
51.3755220031738	34.1128605014196
51.3756220031738	34.1127669064432
51.3757220031738	34.1126733114667
51.3758220031738	34.1125797164903
51.3759220031738	34.1124861215138
51.3760220031738	34.1123925265374
51.3761220031738	34.1122989315609
51.3762220031738	34.1122053365845
51.3763220031738	34.1121117416080
51.3764220031738	34.1120181466316
51.3765220031738	34.1119245516551
51.3766220031738	34.1118309566786
51.3767220031738	34.1117373617022
51.3768220031738	34.1116437667257
51.3769220031738	34.1115501717493
51.3770220031738	34.1114565767728
51.3771220031738	34.1113629817964
51.3772220031738	34.1112693868199
51.3773220031738	34.1111757918435
51.3774220031738	34.1110821968670
51.3775220031738	34.1109886018906
51.3776220031738	34.1108950069141
51.3777220031738	34.1108014119377
51.3778220031738	34.1107078169612
51.3779220031738	34.1106142219848
51.3780220031738	34.1105206270083
51.3781220031738	34.1104270320319
51.3782220031738	34.1103334370554
51.3783220031738	34.1102398420790
51.3784220031738	34.1101462471025
51.3785220031738	34.1100526521261
51.3786220031738	34.1099590571496
51.3787220031738	34.1098654621732
51.3788220031738	34.1097718671967
51.3789220031738	34.1096782722203
51.3790220031738	34.1095846772438
51.3791220031738	34.1094910822673
51.3792220031738	34.1093974872909
51.3793220031738	34.1093038923144
51.3794220031738	34.1092102973380
51.3795220031738	34.1091167023615
51.3796220031738	34.1090231073851
51.3797220031738	34.1089295124086
51.3798220031738	34.1088359174322
51.3799220031738	34.1087423224557
51.3800220031738	34.1086487274793
51.3801220031738	34.1085551325028
51.3802220031738	34.1084615375264
51.3803220031738	34.1083679425499
51.3804220031738	34.1082743475735
51.3805220031738	34.1081807525970
51.3806220031738	34.1080871576206
51.3807220031738	34.1079935626441
51.3808220031738	34.1078999676677
51.3809220031738	34.1078063726912
51.3810220031738	34.1077127777148
51.3811220031738	34.1076191827383
51.3812220031738	34.1075255877618
51.3813220031738	34.1074319927854
51.3814220031738	34.1073383978089
51.3815220031738	34.1072448028325
51.3816220031738	34.1071512078560
51.3817220031738	34.1070576128796
51.3818220031738	34.1069640179031
51.3819220031738	34.1068704229267
51.3820220031738	34.1067768279502
51.3821220031738	34.1066832329738
51.3822220031738	34.1065896379973
51.3823220031738	34.1064960430209
51.3824220031738	34.1064024480444
51.3825220031738	34.1063088530680
51.3826220031738	34.1062152580915
51.3827220031738	34.1061216631151
51.3828220031738	34.1060280681386
51.3829220031738	34.1059344731622
51.3830220031738	34.1058408781857
51.3831220031738	34.1057472832093
51.3832220031738	34.1056536882328
51.3833220031738	34.1055600932564
51.3834220031738	34.1054664982799
51.3835220031738	34.1053729033035
51.3836220031738	34.1052793083270
51.3837220031738	34.1051857133505
51.3838220031738	34.1050921183741
51.3839220031738	34.1049985233976
51.3840220031738	34.1049049284212
51.3841220031738	34.1048113334447
51.3842220031738	34.1047177384683
51.3843220031738	34.1046241434918
51.3844220031738	34.1045305485154
51.3845220031738	34.1044369535389
51.3846220031738	34.1043433585625
51.3847220031738	34.1042497635860
51.3848220031738	34.1041561686096
51.3849220031738	34.1040625736331
51.3850220031738	34.1039689786567
51.3851220031738	34.1038753836802
51.3852220031738	34.1037817887038
51.3853220031738	34.1036881937273
51.3854220031738	34.1035945987509
51.3855220031738	34.1035010037744
51.3856220031738	34.1034074087980
51.3857220031738	34.1033138138215
51.3858220031738	34.1032202188451
51.3859220031738	34.1031266238686
51.3860220031738	34.1030330288921
51.3861220031738	34.1029394339157
51.3862220031738	34.1028458389392
51.3863220031738	34.1027522439628
51.3864220031738	34.1026586489863
51.3865220031738	34.1025650540099
51.3866220031738	34.1024714590334
51.3867220031738	34.1023778640570
51.3868220031738	34.1022842690805
51.3869220031738	34.1021906741041
51.3870220031738	34.1020970791276
51.3871220031738	34.1020034841512
51.3872220031738	34.1019098891747
51.3873220031738	34.1018162941983
51.3874220031738	34.1017226992218
51.3875220031738	34.1016291042454
51.3876220031738	34.1015355092689
51.3877220031738	34.1014419142925
51.3878220031738	34.1013483193160
51.3879220031738	34.1012547243396
51.3880220031738	34.1011611293631
51.3881220031738	34.1010675343867
51.3882220031738	34.1009739394102
51.3883220031738	34.1008803444338
51.3884220031738	34.1007867494573
51.3885220031738	34.1006931544808
51.3886220031738	34.1005995595044
51.3887220031738	34.1005059645279
51.3888220031738	34.1004123695515
51.3889220031738	34.1003187745750
51.3890220031738	34.1002251795986
51.3891220031738	34.1001315846221
51.3892220031738	34.1000379896457
51.3893220031738	34.0999443946692
51.3894220031738	34.0998507996928
51.3895220031738	34.0997572047163
51.3896220031738	34.0996636097399
51.3897220031738	34.0995700147634
51.3898220031738	34.0994764197870
51.3899220031738	34.0993828248105
51.3900220031738	34.0992892298341
51.3901220031738	34.0991956348576
51.3902220031738	34.0991020398812
51.3903220031738	34.0990084449047
51.3904220031738	34.0989148499283
51.3905220031738	34.0988212549518
51.3906220031738	34.0987276599753
51.3907220031738	34.0986340649989
51.3908220031738	34.0985404700224
51.3909220031738	34.0984468750460
51.3910220031738	34.0983532800695
51.3911220031738	34.0982596850931
51.3912220031738	34.0981660901166
51.3913220031738	34.0980724951402
51.3914220031738	34.0979789001637
51.3915220031738	34.0978853051873
51.3916220031738	34.0977917102108
51.3917220031738	34.0976981152344
51.3918220031738	34.0976045202579
51.3919220031738	34.0975109252815
51.3920220031738	34.0974173303050
51.3921220031738	34.0973237353286
51.3922220031738	34.0972301403521
51.3923220031738	34.0971365453757
51.3924220031738	34.0970429503992
51.3925220031738	34.0969493554228
51.3926220031738	34.0968557604463
51.3927220031738	34.0967621654699
51.3928220031738	34.0966685704934
51.3929220031738	34.0965749755170
51.3930220031738	34.0964813805405
51.3931220031738	34.0963877855640
51.3932220031738	34.0962941905876
51.3933220031738	34.0962005956111
51.3934220031738	34.0961070006347
51.3935220031738	34.0960134056582
51.3936220031738	34.0959198106818
51.3937220031738	34.0958262157053
51.3938220031738	34.0957326207289
51.3939220031738	34.0956390257524
51.3940220031738	34.0955454307760
51.3941220031738	34.0954518357995
51.3942220031738	34.0953582408231
51.3943220031738	34.0952646458466
51.3944220031738	34.0951710508702
51.3945220031738	34.0950774558937
51.3946220031738	34.0949838609173
51.3947220031738	34.0948902659408
51.3948220031738	34.0947966709644
51.3949220031738	34.0947030759879
51.3950220031738	34.0946094810115
51.3951220031738	34.0945158860350
51.3952220031738	34.0944222910586
51.3953220031738	34.0943286960821
51.3954220031738	34.0942351011056
51.3955220031738	34.0941415061292
51.3956220031738	34.0940479111527
51.3957220031738	34.0939543161763
51.3958220031738	34.0938607211998
51.3959220031738	34.0937671262234
51.3960220031738	34.0936735312469
51.3961220031738	34.0935799362705
51.3962220031738	34.0934863412940
51.3963220031738	34.0933927463176
51.3964220031738	34.0932991513411
51.3965220031738	34.0932055563647
51.3966220031738	34.0931119613882
51.3967220031738	34.0930183664118
51.3968220031738	34.0929247714353
51.3969220031738	34.0928311764589
51.3970220031738	34.0927375814824
51.3971220031738	34.0926439865060
51.3972220031738	34.0925503915295
51.3973220031738	34.0924567965531
51.3974220031738	34.0923632015766
51.3975220031738	34.0922696066002
51.3976220031738	34.0921760116237
51.3977220031738	34.0920824166472
51.3978220031738	34.0919888216708
51.3979220031738	34.0918952266943
51.3980220031738	34.0918016317179
51.3981220031738	34.0917080367414
51.3982220031738	34.0916144417650
51.3983220031738	34.0915208467885
51.3984220031738	34.0914272518121
51.3985220031738	34.0913336568356
51.3986220031738	34.0912400618592
51.3987220031738	34.0911464668827
51.3988220031738	34.0910528719063
51.3989220031738	34.0909592769298
51.3990220031738	34.0908656819534
51.3991220031738	34.0907720869769
51.3992220031738	34.0906784920005
51.3993220031738	34.0905848970240
51.3994220031738	34.0904913020476
51.3995220031738	34.0903977070711
51.3996220031738	34.0903041120947
51.3997220031738	34.0902105171182
51.3998220031738	34.0901169221417
51.3999220031738	34.0900233271653
51.4000220031738	34.0899297321888
51.4001220031738	34.0898361372124
51.4002220031738	34.0897425422359
51.4003220031738	34.0896489472595
51.4004220031738	34.0895553522830
51.4005220031738	34.0894617573066
51.4006220031738	34.0893681623301
51.4007220031738	34.0892745673537
51.4008220031738	34.0891809723772
51.4009208679199	34.0890884399414
51.4010208679199	34.0889553918446
51.4011208679199	34.0888223437478
51.4012208679199	34.0886892956511
51.4013208679199	34.0885562475543
51.4014208679199	34.0884231994575
51.4015208679199	34.0882901513607
51.4016208679199	34.0881571032639
51.4017208679199	34.0880240551671
51.4018208679199	34.0878910070704
51.4019208679199	34.0877579589736
51.4020208679199	34.0876249108768
51.4021208679199	34.0874918627800
51.4022208679199	34.0873588146832
51.4023208679199	34.0872257665864
51.4024208679199	34.0870927184897
51.4025208679199	34.0869596703929
51.4026208679199	34.0868266222961
51.4027208679199	34.0866935741993
51.4028208679199	34.0865605261025
51.4029208679199	34.0864274780057
51.4030208679199	34.0862944299089
51.4031208679199	34.0861613818122
51.4032208679199	34.0860283337154
51.4033208679199	34.0858952856186
51.4034208679199	34.0857622375218
51.4035208679199	34.0856291894250
51.4036208679199	34.0854961413283
51.4037208679199	34.0853630932315
51.4038208679199	34.0852300451347
51.4039208679199	34.0850969970379
51.4040208679199	34.0849639489411
51.4041208679199	34.0848309008443
51.4042208679199	34.0846978527475
51.4043208679199	34.0845648046508
51.4044208679199	34.0844317565540
51.4045208679199	34.0842987084572
51.4046208679199	34.0841656603604
51.4047208679199	34.0840326122636
51.4048208679199	34.0838995641668
51.4049208679199	34.0837665160701
51.4050208679199	34.0836334679733
51.4051208679199	34.0835004198765
51.4052208679199	34.0833673717797
51.4053208679199	34.0832343236829
51.4054208679199	34.0831012755861
51.4055208679199	34.0829682274893
51.4056208679199	34.0828351793926
51.4057208679199	34.0827021312958
51.4058208679199	34.0825690831990
51.4059208679199	34.0824360351022
51.4060208679199	34.0823029870054
51.4061208679199	34.0821699389087
51.4062208679199	34.0820368908119
51.4063208679199	34.0819038427151
51.4064208679199	34.0817707946183
51.4065208679199	34.0816377465215
51.4066208679199	34.0815046984247
51.4067208679199	34.0813716503280
51.4068208679199	34.0812386022312
51.4069208679199	34.0811055541344
51.4070208679199	34.0809725060376
51.4071208679199	34.0808394579408
51.4072208679199	34.0807064098440
51.4073208679199	34.0805733617473
51.4074208679199	34.0804403136505
51.4075208679199	34.0803072655537
51.4076208679199	34.0801742174569
51.4077208679199	34.0800411693601
51.4078208679199	34.0799081212633
51.4079208679199	34.0797750731666
51.4080208679199	34.0796420250698
51.4081208679199	34.0795089769730
51.4082208679199	34.0793759288762
51.4083208679199	34.0792428807794
51.4084208679199	34.0791098326826
51.4085208679199	34.0789767845859
51.4086208679199	34.0788437364891
51.4087208679199	34.0787106883923
51.4088208679199	34.0785776402955
51.4089208679199	34.0784445921987
51.4090208679199	34.0783115441019
51.4091208679199	34.0781784960051
51.4092208679199	34.0780454479084
51.4093208679199	34.0779123998116
51.4094208679199	34.0777793517148
51.4095208679199	34.0776463036180
51.4096208679199	34.0775132555212
51.4097208679199	34.0773802074244
51.4098208679199	34.0772471593277
51.4099208679199	34.0771141112309
51.4100208679199	34.0769810631341
51.4101208679199	34.0768480150373
51.4102208679199	34.0767149669405
51.4103208679199	34.0765819188437
51.4104208679199	34.0764488707470
51.4105208679199	34.0763158226502
51.4106208679199	34.0761827745534
51.4107208679199	34.0760497264566
51.4108208679199	34.0759166783598
51.4109208679199	34.0757836302630
51.4110208679199	34.0756505821663
51.4111208679199	34.0755175340695
51.4112208679199	34.0753844859727
51.4113208679199	34.0752514378759
51.4114208679199	34.0751183897791
51.4115208679199	34.0749853416823
51.4116208679199	34.0748522935856
51.4117208679199	34.0747192454888
51.4118208679199	34.0745861973920
51.4119208679199	34.0744531492952
51.4120208679199	34.0743201011984
51.4121208679199	34.0741870531016
51.4122208679199	34.0740540050049
51.4123208679199	34.0739209569081
51.4124208679199	34.0737879088113
51.4125208679199	34.0736548607145
51.4126208679199	34.0735218126177
51.4127208679199	34.0733887645209
51.4128208679199	34.0732557164242
51.4129208679199	34.0731226683274
51.4130208679199	34.0729896202306
51.4131208679199	34.0728565721338
51.4132208679199	34.0727235240370
51.4133208679199	34.0725904759402
51.4134208679199	34.0724574278434
51.4135208679199	34.0723243797467
51.4136208679199	34.0721913316499
51.4137208679199	34.0720582835531
51.4138208679199	34.0719252354563
51.4139208679199	34.0717921873595
51.4140208679199	34.0716591392627
51.4141208679199	34.0715260911660
51.4142208679199	34.0713930430692
51.4143208679199	34.0712599949724
51.4144208679199	34.0711269468756
51.4145208679199	34.0709938987788
51.4146208679199	34.0708608506820
51.4147208679199	34.0707278025852
51.4148208679199	34.0705947544885
51.4149208679199	34.0704617063917
51.4150208679199	34.0703286582949
51.4151208679199	34.0701956101981
51.4152208679199	34.0700625621013
51.4153208679199	34.0699295140046
51.4154208679199	34.0697964659078
51.4155208679199	34.0696634178110
51.4156208679199	34.0695303697142
51.4157208679199	34.0693973216174
51.4158208679199	34.0692642735206
51.4159208679199	34.0691312254238
51.4160208679199	34.0689981773271
51.4161208679199	34.0688651292303
51.4162208679199	34.0687320811335
51.4163208679199	34.0685990330367
51.4164208679199	34.0684659849399
51.4165208679199	34.0683329368432
51.4166208679199	34.0681998887464
51.4167208679199	34.0680668406496
51.4168208679199	34.0679337925528
51.4169208679199	34.0678007444560
51.4170208679199	34.0676676963592
51.4171208679199	34.0675346482624
51.4172208679199	34.0674016001657
51.4173208679199	34.0672685520689
51.4174208679199	34.0671355039721
51.4175208679199	34.0670024558753
51.4176208679199	34.0668694077785
51.4177208679199	34.0667363596817
51.4178208679199	34.0666033115850
51.4179208679199	34.0664702634882
51.4180208679199	34.0663372153914
51.4181208679199	34.0662041672946
51.4182208679199	34.0660711191978
51.4183208679199	34.0659380711010
51.4184208679199	34.0658050230043
51.4185208679199	34.0656719749075
51.4186208679199	34.0655389268107
51.4187208679199	34.0654058787139
51.4188208679199	34.0652728306171
51.4189208679199	34.0651397825203
51.4190208679199	34.0650067344236
51.4191208679199	34.0648736863268
51.4192208679199	34.0647406382300
51.4193208679199	34.0646075901332
51.4194208679199	34.0644745420364
51.4195208679199	34.0643414939396
51.4196208679199	34.0642084458429
51.4197208679199	34.0640753977461
51.4198208679199	34.0639423496493
51.4199208679199	34.0638093015525
51.4200208679199	34.0636762534557
51.4201208679199	34.0635432053589
51.4202208679199	34.0634101572622
51.4203208679199	34.0632771091654
51.4204208679199	34.0631440610686
51.4205208679199	34.0630110129718
51.4206208679199	34.0628779648750
51.4207208679199	34.0627449167782
51.4208208679199	34.0626118686815
51.4209208679199	34.0624788205847
51.4210208679199	34.0623457724879
51.4211208679199	34.0622127243911
51.4212208679199	34.0620796762943
51.4213208679199	34.0619466281975
51.4214208679199	34.0618135801008
51.4215208679199	34.0616805320040
51.4216208679199	34.0615474839072
51.4217208679199	34.0614144358104
51.4218208679199	34.0612813877136
51.4219208679199	34.0611483396168
51.4220208679199	34.0610152915201
51.4221208679199	34.0608822434233
51.4222208679199	34.0607491953265
51.4223208679199	34.0606161472297
51.4224208679199	34.0604830991329
51.4225208679199	34.0603500510361
51.4226208679199	34.0602170029393
51.4227208679199	34.0600839548426
51.4228208679199	34.0599509067458
51.4229208679199	34.0598178586490
51.4230208679199	34.0596848105522
51.4231208679199	34.0595517624554
51.4232208679199	34.0594187143586
51.4233208679199	34.0592856662619
51.4234208679199	34.0591526181651
51.4235208679199	34.0590195700683
51.4236208679199	34.0588865219715
51.4237208679199	34.0587534738747
51.4238208679199	34.0586204257779
51.4239208679199	34.0584873776811
51.4240208679199	34.0583543295844
51.4241208679199	34.0582212814876
51.4242208679199	34.0580882333908
51.4243208679199	34.0579551852940
51.4244208679199	34.0578221371972
51.4245208679199	34.0576890891005
51.4246208679199	34.0575560410037
51.4247208679199	34.0574229929069
51.4248208679199	34.0572899448101
51.4249208679199	34.0571568967133
51.4250208679199	34.0570238486165
51.4251208679199	34.0568908005197
51.4252208679199	34.0567577524230
51.4253208679199	34.0566247043262
51.4254208679199	34.0564916562294
51.4255208679199	34.0563586081326
51.4256208679199	34.0562255600358
51.4257208679199	34.0560925119391
51.4258208679199	34.0559594638423
51.4259208679199	34.0558264157455
51.4260208679199	34.0556933676487
51.4261208679199	34.0555603195519
51.4262208679199	34.0554272714551
51.4263208679199	34.0552942233583
51.4264208679199	34.0551611752616
51.4265208679199	34.0550281271648
51.4266208679199	34.0548950790680
51.4267208679199	34.0547620309712
51.4268208679199	34.0546289828744
51.4269208679199	34.0544959347776
51.4270208679199	34.0543628866809
51.4271208679199	34.0542298385841
51.4272208679199	34.0540967904873
51.4273208679199	34.0539637423905
51.4274208679199	34.0538306942937
51.4275208679199	34.0536976461969
51.4276208679199	34.0535645981002
51.4277208679199	34.0534315500034
51.4278208679199	34.0532985019066
51.4279208679199	34.0531654538098
51.4280208679199	34.0530324057130
51.4281208679199	34.0528993576162
51.4282208679199	34.0527663095195
51.4283208679199	34.0526332614227
51.4284208679199	34.0525002133259
51.4285208679199	34.0523671652291
51.4286208679199	34.0522341171323
51.4287208679199	34.0521010690355
51.4288208679199	34.0519680209387
51.4289208679199	34.0518349728420
51.4290208679199	34.0517019247452
51.4291208679199	34.0515688766484
51.4292208679199	34.0514358285516
51.4293208679199	34.0513027804548
51.4294208679199	34.0511697323581
51.4295208679199	34.0510366842613
51.4296208679199	34.0509036361645
51.4297208679199	34.0507705880677
51.4298208679199	34.0506375399709
51.4299208679199	34.0505044918741
51.4300208679199	34.0503714437773
51.4301208679199	34.0502383956806
51.4302208679199	34.0501053475838
51.4303208679199	34.0499722994870
51.4304208679199	34.0498392513902
51.4305208679199	34.0497062032934
51.4306208679199	34.0495731551967
51.4307208679199	34.0494401070999
51.4308208679199	34.0493070590031
51.4309208679199	34.0491740109063
51.4310208679199	34.0490409628095
51.4311208679199	34.0489079147127
51.4312208679199	34.0487748666159
51.4313208679199	34.0486418185192
51.4314208679199	34.0485087704224
51.4315208679199	34.0483757223256
51.4316208679199	34.0482426742288
51.4317208679199	34.0481096261320
51.4318208679199	34.0479765780352
51.4319208679199	34.0478435299385
51.4320208679199	34.0477104818417
51.4321208679199	34.0475774337449
51.4322208679199	34.0474443856481
51.4323208679199	34.0473113375513
51.4324208679199	34.0471782894545
51.4325208679199	34.0470452413578
51.4326208679199	34.0469121932610
51.4327208679199	34.0467791451642
51.4328208679199	34.0466460970674
51.4329208679199	34.0465130489706
51.4330208679199	34.0463800008738
51.4331208679199	34.0462469527771
51.4332208679199	34.0461139046803
51.4333208679199	34.0459808565835
51.4334208679199	34.0458478084867
51.4335208679199	34.0457147603899
51.4336208679199	34.0455817122931
51.4337208679199	34.0454486641963
51.4338208679199	34.0453156160996
51.4339208679199	34.0451825680028
51.4340208679199	34.0450495199060
51.4341208679199	34.0449164718092
51.4342208679199	34.0447834237124
51.4343208679199	34.0446503756156
51.4344208679199	34.0445173275189
51.4345208679199	34.0443842794221
51.4346208679199	34.0442512313253
51.4347208679199	34.0441181832285
51.4348208679199	34.0439851351317
51.4349208679199	34.0438520870349
51.4350208679199	34.0437190389382
51.4351208679199	34.0435859908414
51.4352208679199	34.0434529427446
51.4353208679199	34.0433198946478
51.4354208679199	34.0431868465510
51.4355208679199	34.0430537984542
51.4356208679199	34.0429207503575
51.4357208679199	34.0427877022607
51.4358208679199	34.0426546541639
51.4359208679199	34.0425216060671
51.4360208679199	34.0423885579703
51.4361208679199	34.0422555098735
51.4362208679199	34.0421224617768
51.4363208679199	34.0419894136800
51.4364208679199	34.0418563655832
51.4365208679199	34.0417233174864
51.4366208679199	34.0415902693896
51.4367208679199	34.0414572212928
51.4368208679199	34.0413241731961
51.4369208679199	34.0411911250993
51.4370208679199	34.0410580770025
51.4371208679199	34.0409250289057
51.4372208679199	34.0407919808089
51.4373208679199	34.0406589327121
51.4374208679199	34.0405258846154
51.4375208679199	34.0403928365186
51.4376208679199	34.0402597884218
51.4377208679199	34.0401267403250
51.4378208679199	34.0399936922282
51.4379208679199	34.0398606441314
51.4380208679199	34.0397275960346
51.4381208679199	34.0395945479379
51.4382208679199	34.0394614998411
51.4383208679199	34.0393284517443
51.4384208679199	34.0391954036475
51.4385208679199	34.0390623555507
51.4386208679199	34.0389293074540
51.4387208679199	34.0387962593572
51.4388208679199	34.0386632112604
51.4389208679199	34.0385301631636
51.4390208679199	34.0383971150668
51.4391208679199	34.0382640669700
51.4392208679199	34.0381310188732
51.4393208679199	34.0379979707765
51.4394208679199	34.0378649226797
51.4395208679199	34.0377318745829
51.4396208679199	34.0375988264861
51.4397208679199	34.0374657783893
51.4398208679199	34.0373327302926
51.4399208679199	34.0371996821958
51.4400208679199	34.0370666340990
51.4401208679199	34.0369335860022
51.4402208679199	34.0368005379054
51.4403208679199	34.0366674898086
51.4404208679199	34.0365344417118
51.4405208679199	34.0364013936151
51.4406208679199	34.0362683455183
51.4407208679199	34.0361352974215
51.4408208679199	34.0360022493247
51.4409208679199	34.0358692012279
51.4410208679199	34.0357361531311
51.4411208679199	34.0356031050344
51.4412208679199	34.0354700569376
51.4413208679199	34.0353370088408
51.4414208679199	34.0352039607440
51.4415208679199	34.0350709126472
51.4416208679199	34.0349378645504
51.4417208679199	34.0348048164537
51.4418208679199	34.0346717683569
51.4419208679199	34.0345387202601
51.4420208679199	34.0344056721633
51.4421208679199	34.0342726240665
51.4422208679199	34.0341395759697
51.4423208679199	34.0340065278730
51.4424208679199	34.0338734797762
51.4425208679199	34.0337404316794
51.4426208679199	34.0336073835826
51.4427208679199	34.0334743354858
51.4428208679199	34.0333412873890
51.4429208679199	34.0332082392922
51.4430208679199	34.0330751911955
51.4431208679199	34.0329421430987
51.4432208679199	34.0328090950019
51.4433208679199	34.0326760469051
51.4434208679199	34.0325429988083
51.4435208679199	34.0324099507115
51.4436208679199	34.0322769026148
51.4437208679199	34.0321438545180
51.4438208679199	34.0320108064212
51.4439208679199	34.0318777583244
51.4440208679199	34.0317447102276
51.4441208679199	34.0316116621308
51.4442208679199	34.0314786140341
51.4443208679199	34.0313455659373
51.4444208679199	34.0312125178405
51.4445208679199	34.0310794697437
51.4446208679199	34.0309464216469
51.4447208679199	34.0308133735501
51.4448208679199	34.0306803254534
51.4449208679199	34.0305472773566
51.4450208679199	34.0304142292598
51.4451208679199	34.0302811811630
51.4452208679199	34.0301481330662
51.4453208679199	34.0300150849694
51.4454208679199	34.0298820368727
51.4455208679199	34.0297489887759
51.4456208679199	34.0296159406791
51.4457208679199	34.0294828925823
51.4458208679199	34.0293498444855
51.4459208679199	34.0292167963887
51.4460208679199	34.0290837482920
51.4461208679199	34.0289507001952
51.4462208679199	34.0288176520984
51.4463208679199	34.0286846040016
51.4464208679199	34.0285515559048
51.4465208679199	34.0284185078080
51.4466208679199	34.0282854597112
51.4467208679199	34.0281524116145
51.4468208679199	34.0280193635177
51.4469208679199	34.0278863154209
51.4470208679199	34.0277532673241
51.4471208679199	34.0276202192273
51.4472208679199	34.0274871711305
51.4473208679199	34.0273541230338
51.4474208679199	34.0272210749370
51.4475208679199	34.0270880268402
51.4476208679199	34.0269549787434
51.4477208679199	34.0268219306466
51.4478208679199	34.0266888825499
51.4479208679199	34.0265558344531
51.4480208679199	34.0264227863563
51.4481208679199	34.0262897382595
51.4482208679199	34.0261566901627
51.4483208679199	34.0260236420659
51.4484208679199	34.0258905939691
51.4485208679199	34.0257575458724
51.4486208679199	34.0256244977756
51.4487208679199	34.0254914496788
51.4488208679199	34.0253584015820
51.4489208679199	34.0252253534852
51.4490208679199	34.0250923053884
51.4491208679199	34.0249592572917
51.4492208679199	34.0248262091949
51.4493208679199	34.0246931610981
51.4494208679199	34.0245601130013
51.4495208679199	34.0244270649045
51.4496208679199	34.0242940168077
51.4497208679199	34.0241609687110
51.4498208679199	34.0240279206142
51.4499208679199	34.0238948725174
51.4500208679199	34.0237618244206
51.4501208679199	34.0236287763238
51.4502208679199	34.0234957282270
51.4503208679199	34.0233626801303
51.4504208679199	34.0232296320335
51.4505208679199	34.0230965839367
51.4506208679199	34.0229635358399
51.4507208679199	34.0228304877431
51.4508208679199	34.0226974396463
51.4509208679199	34.0225643915495
51.4510208679199	34.0224313434528
51.4511208679199	34.0222982953560
51.4512208679199	34.0221652472592
51.4513208679199	34.0220321991624
51.4514208679199	34.0218991510656
51.4515208679199	34.0217661029689
51.4516208679199	34.0216330548721
51.4517208679199	34.0215000067753
51.4518208679199	34.0213669586785
51.4519208679199	34.0212339105817
51.4520208679199	34.0211008624849
51.4521208679199	34.0209678143881
51.4522208679199	34.0208347662914
51.4523208679199	34.0207017181946
51.4524208679199	34.0205686700978
51.4525208679199	34.0204356220010
51.4526208679199	34.0203025739042
51.4527208679199	34.0201695258075
51.4528208679199	34.0200364777107
51.4529208679199	34.0199034296139
51.4530208679199	34.0197703815171
51.4531208679199	34.0196373334203
51.4532208679199	34.0195042853235
51.4533208679199	34.0193712372267
51.4534208679199	34.0192381891300
51.4535208679199	34.0191051410332
51.4536208679199	34.0189720929364
51.4537208679199	34.0188390448396
51.4538208679199	34.0187059967428
51.4539208679199	34.0185729486460
51.4540208679199	34.0184399005493
51.4541208679199	34.0183068524525
51.4542208679199	34.0181738043557
51.4543208679199	34.0180407562589
51.4544208679199	34.0179077081621
51.4545208679199	34.0177746600653
51.4546208679199	34.0176416119686
51.4547208679199	34.0175085638718
51.4548208679199	34.0173755157750
51.4549208679199	34.0172424676782
51.4550208679199	34.0171094195814
51.4551208679199	34.0169763714846
51.4552208679199	34.0168433233878
51.4553208679199	34.0167102752911
51.4554208679199	34.0165772271943
51.4555208679199	34.0164441790975
51.4556208679199	34.0163111310007
51.4557208679199	34.0161780829039
51.4558208679199	34.0160450348072
51.4559208679199	34.0159119867104
51.4560208679199	34.0157789386136
51.4561208679199	34.0156458905168
51.4562208679199	34.0155128424200
51.4563208679199	34.0153797943232
51.4564208679199	34.0152467462264
51.4565208679199	34.0151136981297
51.4566208679199	34.0149806500329
51.4567208679199	34.0148476019361
51.4568208679199	34.0147145538393
51.4569208679199	34.0145815057425
51.4570208679199	34.0144484576457
51.4571208679199	34.0143154095490
51.4572208679199	34.0141823614522
51.4573208679199	34.0140493133554
51.4574208679199	34.0139162652586
51.4575208679199	34.0137832171618
51.4576208679199	34.0136501690650
51.4577208679199	34.0135171209683
51.4578208679199	34.0133840728715
51.4579208679199	34.0132510247747
51.4580208679199	34.0131179766779
51.4581208679199	34.0129849285811
51.4582208679199	34.0128518804843
51.4583208679199	34.0127188323876
51.4584208679199	34.0125857842908
51.4585208679199	34.0124527361940
51.4586208679199	34.0123196880972
51.4587208679199	34.0121866400004
51.4588208679199	34.0120535919036
51.4589208679199	34.0119205438069
51.4590208679199	34.0117874957101
51.4591208679199	34.0116544476133
51.4592208679199	34.0115213995165
51.4593208679199	34.0113883514197
51.4594208679199	34.0112553033229
51.4595208679199	34.0111222552261
51.4596208679199	34.0109892071294
51.4597208679199	34.0108561590326
51.4598208679199	34.0107231109358
51.4599208679199	34.0105900628390
51.4600208679199	34.0104570147422
51.4601208679199	34.0103239666454
51.4602208679199	34.0101909185487
51.4603208679199	34.0100578704519
51.4604208679199	34.0099248223551
51.4605208679199	34.0097917742583
51.4606208679199	34.0096587261615
51.4607208679199	34.0095256780648
51.4608208679199	34.0093926299680
51.4609208679199	34.0092595818712
51.4610208679199	34.0091265337744
51.4611208679199	34.0089934856776
51.4612208679199	34.0088604375808
51.4613208679199	34.0087273894840
51.4614208679199	34.0085943413873
51.4615208679199	34.0084612932905
51.4616208679199	34.0083282451937
51.4617208679199	34.0081951970969
51.4618208679199	34.0080621490001
51.4619208679199	34.0079291009033
51.4620208679199	34.0077960528066
51.4621208679199	34.0076630047098
51.4622208679199	34.0075299566130
51.4623208679199	34.0073969085162
51.4624208679199	34.0072638604194
51.4625208679199	34.0071308123226
51.4626208679199	34.0069977642259
51.4627208679199	34.0068647161291
51.4628208679199	34.0067316680323
51.4629208679199	34.0065986199355
51.4630208679199	34.0064655718387
51.4631208679199	34.0063325237419
51.4632208679199	34.0061994756452
51.4633208679199	34.0060664275484
51.4634208679199	34.0059333794516
51.4635208679199	34.0058003313548
51.4636208679199	34.0056672832580
51.4637208679199	34.0055342351612
51.4638208679199	34.0054011870645
51.4639208679199	34.0052681389677
51.4640208679199	34.0051350908709
51.4641208679199	34.0050020427741
51.4642208679199	34.0048689946773
51.4643208679199	34.0047359465805
51.4644208679199	34.0046028984837
51.4645208679199	34.0044698503870
51.4646208679199	34.0043368022902
51.4647208679199	34.0042037541934
51.4648208679199	34.0040707060966
51.4649208679199	34.0039376579998
51.4650208679199	34.0038046099030
51.4651208679199	34.0036715618063
51.4652208679199	34.0035385137095
51.4653208679199	34.0034054656127
51.4654208679199	34.0032724175159
51.4655208679199	34.0031393694191
51.4656208679199	34.0030063213223
51.4657208679199	34.0028732732256
51.4658208679199	34.0027402251288
51.4659208679199	34.0026071770320
51.4660208679199	34.0024741289352
51.4661208679199	34.0023410808384
51.4662208679199	34.0022080327416
51.4663208679199	34.0020749846449
51.4664208679199	34.0019419365481
51.4665208679199	34.0018088884513
51.4666208679199	34.0016758403545
51.4667208679199	34.0015427922577
51.4668208679199	34.0014097441609
51.4669208679199	34.0012766960642
51.4670208679199	34.0011436479674
51.4671208679199	34.0010105998706
51.4672208679199	34.0008775517738
51.4673208679199	34.0007445036770
51.4674208679199	34.0006114555802
51.4675208679199	34.0004784074835
51.4676208679199	34.0003453593867
51.4677208679199	34.0002123112899
51.4678208679199	34.0000792631931
51.4679208679199	33.9999462150963
51.4680208679199	33.9998131669995
51.4681208679199	33.9996801189028
51.4682208679199	33.9995470708060
51.4683208679199	33.9994140227092
51.4684208679199	33.9992809746124
51.4685208679199	33.9991479265156
51.4686208679199	33.9990148784188
51.4687208679199	33.9988818303220
51.4688208679199	33.9987487822253
51.4689208679199	33.9986157341285
51.4690208679199	33.9984826860317
51.4691208679199	33.9983496379349
51.4692208679199	33.9982165898381
51.4693208679199	33.9980835417413
51.4694208679199	33.9979504936446
51.4695208679199	33.9978174455478
51.4696208679199	33.9976843974510
51.4697208679199	33.9975513493542
51.4698208679199	33.9974183012574
51.4699208679199	33.9972852531606
51.4700208679199	33.9971522050639
51.4701208679199	33.9970191569671
51.4702208679199	33.9968861088703
51.4703208679199	33.9967530607735
51.4704208679199	33.9966200126767
51.4705208679199	33.9964869645799
51.4706208679199	33.9963539164832
51.4707208679199	33.9962208683864
51.4708208679199	33.9960878202896
51.4709208679199	33.9959547721928
51.4710208679199	33.9958217240960
51.4711208679199	33.9956886759992
51.4712208679199	33.9955556279025
51.4713208679199	33.9954225798057
51.4714208679199	33.9952895317089
51.4715208679199	33.9951564836121
51.4716208679199	33.9950234355153
51.4717208679199	33.9948903874185
51.4718208679199	33.9947573393218
51.4719208679199	33.9946242912250
51.4720208679199	33.9944912431282
51.4721208679199	33.9943581950314
51.4722208679199	33.9942251469346
51.4723208679199	33.9940920988378
51.4724208679199	33.9939590507411
51.4725208679199	33.9938260026443
51.4726208679199	33.9936929545475
51.4727208679199	33.9935599064507
51.4728208679199	33.9934268583539
51.4729208679199	33.9932938102571
51.4730208679199	33.9931607621604
51.4731208679199	33.9930277140636
51.4732208679199	33.9928946659668
51.4733208679199	33.9927616178700
51.4734208679199	33.9926285697732
51.4735208679199	33.9924955216764
51.4736208679199	33.9923624735797
51.4737208679199	33.9922294254829
51.4738208679199	33.9920963773861
51.4739208679199	33.9919633292893
51.4740208679199	33.9918302811925
51.4741208679199	33.9916972330957
51.4742208679199	33.9915641849989
51.4743208679199	33.9914311369022
51.4744208679199	33.9912980888054
51.4745208679199	33.9911650407086
51.4746208679199	33.9910319926118
51.4747208679199	33.9908989445150
51.4748208679199	33.9907658964182
51.4749208679199	33.9906328483215
51.4750208679199	33.9904998002247
51.4751208679199	33.9903667521279
51.4752208679199	33.9902337040311
51.4753208679199	33.9901006559343
51.4754208679199	33.9899676078375
51.4755208679199	33.9898345597408
51.4756208679199	33.9897015116440
51.4757208679199	33.9895684635472
51.4758208679199	33.9894354154504
51.4759208679199	33.9893023673536
51.4760208679199	33.9891693192568
51.4761208679199	33.9890362711601
51.4762208679199	33.9889032230633
51.4763208679199	33.9887701749665
51.4764208679199	33.9886371268697
51.4765208679199	33.9885040787729
51.4766208679199	33.9883710306761
51.4767208679199	33.9882379825794
51.4768208679199	33.9881049344826
51.4769208679199	33.9879718863858
51.4770208679199	33.9878388382890
51.4771208679199	33.9877057901922
51.4772208679199	33.9875727420954
51.4773208679199	33.9874396939987
51.4774208679199	33.9873066459019
51.4775208679199	33.9871735978051
51.4776208679199	33.9870405497083
51.4777208679199	33.9869075016115
51.4778208679199	33.9867744535147
51.4779208679199	33.9866414054179
51.4780208679199	33.9865083573212
51.4781208679199	33.9863753092244
51.4782208679199	33.9862422611276
51.4783208679199	33.9861092130308
51.4784208679199	33.9859761649340
51.4785208679199	33.9858431168372
51.4786208679199	33.9857100687405
51.4787208679199	33.9855770206437
51.4788208679199	33.9854439725469
51.4789208679199	33.9853109244501
51.4790208679199	33.9851778763533
51.4791208679199	33.9850448282565
51.4792208679199	33.9849117801598
51.4793208679199	33.9847787320630
51.4794208679199	33.9846456839662
51.4795208679199	33.9845126358694
51.4796208679199	33.9843795877726
51.4797208679199	33.9842465396758
51.4798208679199	33.9841134915791
51.4799208679199	33.9839804434823
51.4800208679199	33.9838473953855
51.4801208679199	33.9837143472887
51.4802208679199	33.9835812991919
51.4803208679199	33.9834482510951
51.4804208679199	33.9833152029984
51.4805208679199	33.9831821549016
51.4806208679199	33.9830491068048
51.4807208679199	33.9829160587080
51.4808208679199	33.9827830106112
51.4809208679199	33.9826499625144
51.4810208679199	33.9825169144177
51.4811208679199	33.9823838663209
51.4812208679199	33.9822508182241
51.4813208679199	33.9821177701273
51.4814208679199	33.9819847220305
51.4815208679199	33.9818516739337
51.4816208679199	33.9817186258370
51.4817208679199	33.9815855777402
51.4818208679199	33.9814525296434
51.4819208679199	33.9813194815466
51.4820208679199	33.9811864334498
51.4821208679199	33.9810533853530
51.4822208679199	33.9809203372562
51.4823208679199	33.9807872891595
51.4824208679199	33.9806542410627
51.4825208679199	33.9805211929659
51.4826208679199	33.9803881448691
51.4827208679199	33.9802550967723
51.4828208679199	33.9801220486755
51.4829208679199	33.9799890005788
51.4830208679199	33.9798559524820
51.4831208679199	33.9797229043852
51.4832208679199	33.9795898562884
51.4833208679199	33.9794568081916
51.4834208679199	33.9793237600948
51.4835208679199	33.9791907119981
51.4836208679199	33.9790576639013
51.4837208679199	33.9789246158045
51.4838208679199	33.9787915677077
51.4839208679199	33.9786585196109
51.4840208679199	33.9785254715141
51.4841208679199	33.9783924234174
51.4842208679199	33.9782593753206
51.4843208679199	33.9781263272238
51.4844208679199	33.9779932791270
51.4845208679199	33.9778602310302
51.4846208679199	33.9777271829334
51.4847208679199	33.9775941348367
51.4848208679199	33.9774610867399
51.4849208679199	33.9773280386431
51.4850208679199	33.9771949905463
51.4851208679199	33.9770619424495
51.4852208679199	33.9769288943527
51.4853208679199	33.9767958462560
51.4854208679199	33.9766627981592
51.4855208679199	33.9765297500624
51.4856208679199	33.9763967019656
51.4857208679199	33.9762636538688
51.4858208679199	33.9761306057720
51.4859208679199	33.9759975576753
51.4860208679199	33.9758645095785
51.4861208679199	33.9757314614817
51.4862208679199	33.9755984133849
51.4863208679199	33.9754653652881
51.4864208679199	33.9753323171913
51.4865208679199	33.9751992690946
51.4866208679199	33.9750662209978
51.4867208679199	33.9749331729010
51.4868208679199	33.9748001248042
51.4869208679199	33.9746670767074
51.4870208679199	33.9745340286106
51.4871208679199	33.9744009805138
51.4872208679199	33.9742679324171
51.4873208679199	33.9741348843203
51.4874208679199	33.9740018362235
51.4875208679199	33.9738687881267
51.4876208679199	33.9737357400299
51.4877208679199	33.9736026919331
51.4878208679199	33.9734696438364
51.4879208679199	33.9733365957396
51.4880208679199	33.9732035476428
51.4881208679199	33.9730704995460
51.4882208679199	33.9729374514492
51.4883208679199	33.9728044033524
51.4884208679199	33.9726713552557
51.4885208679199	33.9725383071589
51.4886208679199	33.9724052590621
51.4887208679199	33.9722722109653
51.4888208679199	33.9721391628685
51.4889208679199	33.9720061147717
51.4890208679199	33.9718730666750
51.4891208679199	33.9717400185782
51.4892208679199	33.9716069704814
51.4893208679199	33.9714739223846
51.4894208679199	33.9713408742878
51.4895208679199	33.9712078261910
51.4896208679199	33.9710747780943
51.4897208679199	33.9709417299975
51.4898208679199	33.9708086819007
51.4899208679199	33.9706756338039
51.4900208679199	33.9705425857071
51.4901208679199	33.9704095376103
51.4902208679199	33.9702764895136
51.4903208679199	33.9701434414168
51.4904208679199	33.9700103933200
51.4905208679199	33.9698773452232
51.4906208679199	33.9697442971264
51.4907208679199	33.9696112490296
51.4908208679199	33.9694782009329
51.4909208679199	33.9693451528361
51.4910208679199	33.9692121047393
51.4911208679199	33.9690790566425
51.4912208679199	33.9689460085457
51.4913208679199	33.9688129604489
51.4914169311523	33.9686851501465
51.4915169311524	33.9686396570325
51.4916169311523	33.9685941639184
51.4917169311524	33.9685486708044
51.4918169311523	33.9685031776904
51.4919169311523	33.9684576845763
51.4920169311523	33.9684121914623
51.4921169311523	33.9683666983483
51.4922169311523	33.9683212052343
51.4923169311523	33.9682757121202
51.4924169311523	33.9682302190062
51.4925169311523	33.9681847258922
51.4926169311523	33.9681392327782
51.4927169311523	33.9680937396641
51.4928169311523	33.9680482465501
51.4929169311523	33.9680027534361
51.4930169311524	33.9679572603221
51.4931169311523	33.9679117672080
51.4932169311524	33.9678662740940
51.4933169311523	33.9678207809800
51.4934169311523	33.9677752878660
51.4935169311523	33.9677297947519
51.4936169311523	33.9676843016379
51.4937169311523	33.9676388085239
51.4938169311523	33.9675933154098
51.4939169311523	33.9675478222958
51.4940169311523	33.9675023291818
51.4941169311523	33.9674568360678
51.4942169311523	33.9674113429537
51.4943169311523	33.9673658498397
51.4944169311523	33.9673203567257
51.4945169311524	33.9672748636117
51.4946169311523	33.9672293704976
51.4947169311524	33.9671838773836
51.4948169311523	33.9671383842696
51.4949169311523	33.9670928911556
51.4950169311523	33.9670473980415
51.4951169311523	33.9670019049275
51.4952169311523	33.9669564118135
51.4953169311523	33.9669109186995
51.4954169311523	33.9668654255854
51.4955169311523	33.9668199324714
51.4956169311523	33.9667744393574
51.4957169311523	33.9667289462433
51.4958169311523	33.9666834531293
51.4959169311523	33.9666379600153
51.4960169311524	33.9665924669013
51.4961169311523	33.9665469737872
51.4962169311524	33.9665014806732
51.4963169311523	33.9664559875592
51.4964169311523	33.9664104944452
51.4965169311523	33.9663650013311
51.4966169311523	33.9663195082171
51.4967169311523	33.9662740151031
51.4968169311523	33.9662285219891
51.4969169311523	33.9661830288750
51.4970169311523	33.9661375357610
51.4971169311523	33.9660920426470
51.4972169311523	33.9660465495330
51.4973169311523	33.9660010564189
51.4974169311523	33.9659555633049
51.4975169311524	33.9659100701909
51.4976169311523	33.9658645770768
51.4977169311524	33.9658190839628
51.4978169311523	33.9657735908488
51.4979169311523	33.9657280977348
51.4980169311523	33.9656826046207
51.4981169311523	33.9656371115067
51.4982169311523	33.9655916183927
51.4983169311523	33.9655461252787
51.4984169311523	33.9655006321646
51.4985169311523	33.9654551390506
51.4986169311523	33.9654096459366
51.4987169311523	33.9653641528226
51.4988169311523	33.9653186597085
51.4989169311523	33.9652731665945
51.4990169311523	33.9652276734805
51.4991169311523	33.9651821803664
51.4992169311524	33.9651366872524
51.4993169311523	33.9650911941384
51.4994169311523	33.9650457010244
51.4995169311523	33.9650002079103
51.4996169311523	33.9649547147963
51.4997169311523	33.9649092216823
51.4998169311523	33.9648637285683
51.4999169311523	33.9648182354542
51.5000169311523	33.9647727423402
51.5001169311523	33.9647272492262
51.5002169311523	33.9646817561122
51.5003169311523	33.9646362629981
51.5004169311523	33.9645907698841
51.5005169311523	33.9645452767701
51.5006169311523	33.9644997836561
51.5007169311524	33.9644542905420
51.5008169311523	33.9644087974280
51.5009169311524	33.9643633043140
51.5010169311523	33.9643178111999
51.5011169311523	33.9642723180859
51.5012169311523	33.9642268249719
51.5013169311523	33.9641813318579
51.5014169311523	33.9641358387438
51.5015169311523	33.9640903456298
51.5016169311523	33.9640448525158
51.5017169311523	33.9639993594018
51.5018169311523	33.9639538662877
51.5019169311523	33.9639083731737
51.5020169311523	33.9638628800597
51.5021169311523	33.9638173869457
51.5022169311524	33.9637718938316
51.5023169311523	33.9637264007176
51.5024169311524	33.9636809076036
51.5025169311523	33.9636354144895
51.5026169311523	33.9635899213755
51.5027169311523	33.9635444282615
51.5028169311523	33.9634989351475
51.5029169311523	33.9634534420334
51.5030169311523	33.9634079489194
51.5031169311523	33.9633624558054
51.5032169311523	33.9633169626914
51.5033169311523	33.9632714695773
51.5034169311523	33.9632259764633
51.5035169311523	33.9631804833493
51.5036169311523	33.9631349902353
51.5037169311524	33.9630894971212
51.5038169311523	33.9630440040072
51.5039169311524	33.9629985108932
51.5040169311523	33.9629530177791
51.5041169311523	33.9629075246651
51.5042169311523	33.9628620315511
51.5043169311523	33.9628165384371
51.5044169311523	33.9627710453230
51.5045169311523	33.9627255522090
51.5046169311523	33.9626800590950
51.5047169311523	33.9626345659810
51.5048169311523	33.9625890728669
51.5049169311523	33.9625435797529
51.5050169311523	33.9624980866389
51.5051169311523	33.9624525935249
51.5052169311524	33.9624071004108
51.5053169311523	33.9623616072968
51.5054169311524	33.9623161141828
51.5055169311523	33.9622706210688
51.5056169311523	33.9622251279547
51.5057169311523	33.9621796348407
51.5058169311523	33.9621341417267
51.5059169311523	33.9620886486126
51.5060169311523	33.9620431554986
51.5061169311523	33.9619976623846
51.5062169311523	33.9619521692706
51.5063169311523	33.9619066761565
51.5064169311523	33.9618611830425
51.5065169311523	33.9618156899285
51.5066169311523	33.9617701968145
51.5067169311524	33.9617247037004
51.5068169311523	33.9616792105864
51.5069169311524	33.9616337174724
51.5070169311523	33.9615882243584
51.5071169311523	33.9615427312443
51.5072169311523	33.9614972381303
51.5073169311523	33.9614517450163
51.5074169311523	33.9614062519023
51.5075169311523	33.9613607587882
51.5076169311523	33.9613152656742
51.5077169311523	33.9612697725602
51.5078169311523	33.9612242794461
51.5079169311523	33.9611787863321
51.5080169311523	33.9611332932181
51.5081169311523	33.9610878001041
51.5082169311524	33.9610423069900
51.5083169311523	33.9609968138760
51.5084169311524	33.9609513207620
51.5085169311523	33.9609058276480
51.5086169311523	33.9608603345339
51.5087169311523	33.9608148414199
51.5088169311523	33.9607693483059
51.5089169311523	33.9607238551918
51.5090169311523	33.9606783620778
51.5091169311523	33.9606328689638
51.5092169311523	33.9605873758498
51.5093169311523	33.9605418827357
51.5094169311523	33.9604963896217
51.5095169311523	33.9604508965077
51.5096169311523	33.9604054033937
51.5097169311524	33.9603599102796
51.5098169311523	33.9603144171656
51.5099169311524	33.9602689240516
51.5100169311523	33.9602234309376
51.5101169311523	33.9601779378235
51.5102169311523	33.9601324447095
51.5103169311523	33.9600869515955
51.5104169311523	33.9600414584815
51.5105169311523	33.9599959653674
51.5106169311523	33.9599504722534
51.5107169311523	33.9599049791394
51.5108169311523	33.9598594860253
51.5109169311523	33.9598139929113
51.5110169311523	33.9597684997973
51.5111169311523	33.9597230066833
51.5112169311523	33.9596775135692
51.5113169311523	33.9596320204552
51.5114169311524	33.9595865273412
51.5115169311523	33.9595410342272
51.5116169311523	33.9594955411131
51.5117169311523	33.9594500479991
51.5118169311523	33.9594045548851
51.5119169311523	33.9593590617711
51.5120169311523	33.9593135686570
51.5121169311523	33.9592680755430
51.5122169311523	33.9592225824290
51.5123169311523	33.9591770893150
51.5124169311523	33.9591315962009
51.5125169311523	33.9590861030869
51.5126169311523	33.9590406099729
51.5127169311523	33.9589951168588
51.5128169311523	33.9589496237448
51.5129169311524	33.9589041306308
51.5130169311523	33.9588586375168
51.5131169311524	33.9588131444027
51.5132169311523	33.9587676512887
51.5133169311523	33.9587221581747
51.5134169311523	33.9586766650607
51.5135169311523	33.9586311719466
51.5136169311523	33.9585856788326
51.5137169311523	33.9585401857186
51.5138169311523	33.9584946926046
51.5139169311523	33.9584491994905
51.5140169311523	33.9584037063765
51.5141169311523	33.9583582132625
51.5142169311523	33.9583127201484
51.5143169311523	33.9582672270344
51.5144169311524	33.9582217339204
51.5145169311523	33.9581762408064
51.5146169311524	33.9581307476923
51.5147169311523	33.9580852545783
51.5148169311523	33.9580397614643
51.5149169311523	33.9579942683503
51.5150169311523	33.9579487752362
51.5151169311523	33.9579032821222
51.5152169311523	33.9578577890082
51.5153169311523	33.9578122958942
51.5154169311523	33.9577668027801
51.5155169311523	33.9577213096661
51.5156169311523	33.9576758165521
51.5157169311523	33.9576303234380
51.5158169311523	33.9575848303240
51.5159169311524	33.9575393372100
51.5160169311523	33.9574938440960
51.5161169311524	33.9574483509819
51.5162169311523	33.9574028578679
51.5163169311523	33.9573573647539
51.5164169311523	33.9573118716399
51.5165169311523	33.9572663785258
51.5166169311523	33.9572208854118
51.5167169311523	33.9571753922978
51.5168169311523	33.9571298991838
51.5169169311523	33.9570844060697
51.5170169311523	33.9570389129557
51.5171169311523	33.9569934198417
51.5172169311523	33.9569479267277
51.5173169311523	33.9569024336136
51.5174169311524	33.9568569404996
51.5175169311523	33.9568114473856
51.5176169311524	33.9567659542715
51.5177169311523	33.9567204611575
51.5178169311523	33.9566749680435
51.5179169311523	33.9566294749295
51.5180169311523	33.9565839818154
51.5181169311523	33.9565384887014
51.5182169311523	33.9564929955874
51.5183169311523	33.9564475024734
51.5184169311523	33.9564020093593
51.5185169311523	33.9563565162453
51.5186169311523	33.9563110231313
51.5187169311523	33.9562655300173
51.5188169311523	33.9562200369032
51.5189169311524	33.9561745437892
51.5190169311523	33.9561290506752
51.5191169311524	33.9560835575611
51.5192169311523	33.9560380644471
51.5193169311523	33.9559925713331
51.5194169311523	33.9559470782191
51.5195169311523	33.9559015851050
51.5196169311523	33.9558560919910
51.5197169311523	33.9558105988770
51.5198169311523	33.9557651057630
51.5199169311523	33.9557196126489
51.5200169311523	33.9556741195349
51.5201169311523	33.9556286264209
51.5202169311523	33.9555831333069
51.5203169311523	33.9555376401928
51.5204169311524	33.9554921470788
51.5205169311523	33.9554466539648
51.5206169311524	33.9554011608508
51.5207169311523	33.9553556677367
51.5208169311523	33.9553101746227
51.5209169311523	33.9552646815087
51.5210169311523	33.9552191883946
51.5211169311523	33.9551736952806
51.5212169311523	33.9551282021666
51.5213169311523	33.9550827090526
51.5214169311523	33.9550372159385
51.5215169311523	33.9549917228245
51.5216169311523	33.9549462297105
51.5217169311523	33.9549007365965
51.5218169311523	33.9548552434824
51.5219169311524	33.9548097503684
51.5220169311523	33.9547642572544
51.5221169311524	33.9547187641403
51.5222169311523	33.9546732710263
51.5223169311523	33.9546277779123
51.5224169311523	33.9545822847983
51.5225169311523	33.9545367916843
51.5226169311523	33.9544912985702
51.5227169311523	33.9544458054562
51.5228169311523	33.9544003123422
51.5229169311523	33.9543548192281
51.5230169311523	33.9543093261141
51.5231169311523	33.9542638330001
51.5232169311523	33.9542183398861
51.5233169311523	33.9541728467720
51.5234169311523	33.9541273536580
51.5235169311523	33.9540818605440
51.5236169311524	33.9540363674300
51.5237169311523	33.9539908743159
51.5238169311523	33.9539453812019
51.5239169311523	33.9538998880879
51.5240169311523	33.9538543949738
51.5241169311523	33.9538089018598
51.5242169311523	33.9537634087458
51.5243169311523	33.9537179156318
51.5244169311523	33.9536724225177
51.5245169311523	33.9536269294037
51.5246169311523	33.9535814362897
51.5247169311523	33.9535359431757
51.5248169311523	33.9534904500616
51.5249169311523	33.9534449569476
51.5250169311523	33.9533994638336
51.5251169311524	33.9533539707196
51.5252169311523	33.9533084776055
51.5253169311524	33.9532629844915
51.5254169311523	33.9532174913775
51.5255169311523	33.9531719982635
51.5256169311523	33.9531265051494
51.5257169311523	33.9530810120354
51.5258169311523	33.9530355189214
51.5259169311523	33.9529900258073
51.5260169311523	33.9529445326933
51.5261169311523	33.9528990395793
51.5262169311523	33.9528535464653
51.5263169311523	33.9528080533512
51.5264169311523	33.9527625602372
51.5265169311523	33.9527170671232
51.5266169311524	33.9526715740092
51.5267169311523	33.9526260808951
51.5268169311524	33.9525805877811
51.5269169311523	33.9525350946671
51.5270169311523	33.9524896015531
51.5271169311523	33.9524441084390
51.5272169311523	33.9523986153250
51.5273169311523	33.9523531222110
51.5274169311523	33.9523076290969
51.5275169311523	33.9522621359829
51.5276169311523	33.9522166428689
51.5277169311523	33.9521711497549
51.5278169311523	33.9521256566408
51.5279169311523	33.9520801635268
51.5280169311523	33.9520346704128
51.5281169311524	33.9519891772988
51.5282169311523	33.9519436841847
51.5283169311524	33.9518981910707
51.5284169311523	33.9518526979567
51.5285169311523	33.9518072048427
51.5286169311523	33.9517617117286
51.5287169311523	33.9517162186146
51.5288169311523	33.9516707255006
51.5289169311523	33.9516252323866
51.5290169311523	33.9515797392725
51.5291169311523	33.9515342461585
51.5292169311523	33.9514887530445
51.5293169311523	33.9514432599304
51.5294169311523	33.9513977668164
51.5295169311523	33.9513522737024
51.5296169311524	33.9513067805884
51.5297169311523	33.9512612874743
51.5298169311524	33.9512157943603
51.5299169311523	33.9511703012463
51.5300169311523	33.9511248081323
51.5301169311523	33.9510793150182
51.5302169311523	33.9510338219042
51.5303169311523	33.9509883287902
51.5304169311523	33.9509428356762
51.5305169311523	33.9508973425621
51.5306169311523	33.9508518494481
51.5307169311523	33.9508063563341
51.5308169311523	33.9507608632200
51.5309169311523	33.9507153701060
51.5310169311523	33.9506698769920
51.5311169311524	33.9506243838780
51.5312169311523	33.9505788907639
51.5313169311524	33.9505333976499
51.5314169311523	33.9504879045359
51.5315169311523	33.9504424114219
51.5316169311523	33.9503969183078
51.5317169311523	33.9503514251938
51.5318169311523	33.9503059320798
51.5319169311523	33.9502604389658
51.5320169311523	33.9502149458517
51.5321169311523	33.9501694527377
51.5322169311523	33.9501239596237
51.5323169311523	33.9500784665096
51.5324169311523	33.9500329733956
51.5325169311523	33.9499874802816
51.5326169311524	33.9499419871676
51.5327169311523	33.9498964940535
51.5328169311524	33.9498510009395
51.5329169311523	33.9498055078255
51.5330169311523	33.9497600147115
51.5331169311523	33.9497145215974
51.5332169311523	33.9496690284834
51.5333169311523	33.9496235353694
51.5334169311523	33.9495780422554
51.5335169311523	33.9495325491413
51.5336169311523	33.9494870560273
51.5337169311523	33.9494415629133
51.5338169311523	33.9493960697993
51.5339169311523	33.9493505766852
51.5340169311523	33.9493050835712
51.5341169311524	33.9492595904572
51.5342169311523	33.9492140973431
51.5343169311524	33.9491686042291
51.5344169311523	33.9491231111151
51.5345169311523	33.9490776180011
51.5346169311523	33.9490321248870
51.5347169311523	33.9489866317730
51.5348169311523	33.9489411386590
51.5349169311523	33.9488956455450
51.5350169311523	33.9488501524309
51.5351169311523	33.9488046593169
51.5352169311523	33.9487591662029
51.5353169311523	33.9487136730889
51.5354169311523	33.9486681799748
51.5355169311523	33.9486226868608
51.5356169311523	33.9485771937468
51.5357169311523	33.9485317006327
51.5358169311524	33.9484862075187
51.5359169311523	33.9484407144047
51.5360169311523	33.9483952212907
51.5361169311523	33.9483497281766
51.5362169311523	33.9483042350626
51.5363169311523	33.9482587419486
51.5364169311523	33.9482132488346
51.5365169311523	33.9481677557205
51.5366169311523	33.9481222626065
51.5367169311523	33.9480767694925
51.5368169311523	33.9480312763785
51.5369169311523	33.9479857832644
51.5370169311523	33.9479402901504
51.5371169311523	33.9478947970364
51.5372169311523	33.9478493039224
51.5373169311524	33.9478038108083
51.5374169311523	33.9477583176943
51.5375169311523	33.9477128245803
51.5376169311523	33.9476673314662
51.5377169311523	33.9476218383522
51.5378169311523	33.9475763452382
51.5379169311523	33.9475308521242
51.5380169311523	33.9474853590101
51.5381169311523	33.9474398658961
51.5382169311523	33.9473943727821
51.5383169311523	33.9473488796681
51.5384169311523	33.9473033865540
51.5385169311523	33.9472578934400
51.5386169311523	33.9472124003260
51.5387169311523	33.9471669072120
51.5388169311524	33.9471214140979
51.5389169311523	33.9470759209839
51.5390169311524	33.9470304278699
51.5391169311523	33.9469849347559
51.5392169311523	33.9469394416418
51.5393169311523	33.9468939485278
51.5394169311523	33.9468484554138
51.5395169311523	33.9468029622997
51.5396169311523	33.9467574691857
51.5397169311523	33.9467119760717
51.5398169311523	33.9466664829577
51.5399169311523	33.9466209898436
51.5400169311523	33.9465754967296
51.5401169311523	33.9465300036156
51.5402169311523	33.9464845105016
51.5403169311524	33.9464390173875
51.5404169311523	33.9463935242735
51.5405169311524	33.9463480311595
51.5406169311523	33.9463025380454
51.5407169311523	33.9462570449314
51.5408169311523	33.9462115518174
51.5409169311523	33.9461660587034
51.5410169311523	33.9461205655893
51.5411169311523	33.9460750724753
51.5412169311523	33.9460295793613
51.5413169311523	33.9459840862473
51.5414169311523	33.9459385931332
51.5415169311523	33.9458931000192
51.5416169311523	33.9458476069052
51.5417169311523	33.9458021137912
51.5418169311524	33.9457566206771
51.5419169311523	33.9457111275631
51.5420169311524	33.9456656344491
51.5421169311523	33.9456201413351
51.5422169311523	33.9455746482210
51.5423169311523	33.9455291551070
51.5424169311523	33.9454836619930
51.5425169311523	33.9454381688789
51.5426169311523	33.9453926757649
51.5427169311523	33.9453471826509
51.5428169311523	33.9453016895369
51.5429169311523	33.9452561964228
51.5430169311523	33.9452107033088
51.5431169311523	33.9451652101948
51.5432169311523	33.9451197170808
51.5433169311524	33.9450742239667
51.5434169311523	33.9450287308527
51.5435169311524	33.9449832377387
51.5436169311523	33.9449377446247
51.5437169311523	33.9448922515106
51.5438169311523	33.9448467583966
51.5439169311523	33.9448012652826
51.5440169311523	33.9447557721686
51.5441169311523	33.9447102790545
51.5442169311523	33.9446647859405
51.5443169311523	33.9446192928265
51.5444169311523	33.9445737997124
51.5445169311523	33.9445283065984
51.5446169311523	33.9444828134844
51.5447169311523	33.9444373203704
51.5448169311524	33.9443918272563
51.5449169311523	33.9443463341423
51.5450169311524	33.9443008410283
51.5451169311523	33.9442553479143
51.5452169311523	33.9442098548002
51.5453169311523	33.9441643616862
51.5454169311523	33.9441188685722
51.5455169311523	33.9440733754582
51.5456169311523	33.9440278823441
51.5457169311523	33.9439823892301
51.5458169311523	33.9439368961161
51.5459169311523	33.9438914030020
51.5460169311523	33.9438459098880
51.5461169311523	33.9438004167740
51.5462169311523	33.9437549236600
51.5463169311524	33.9437094305459
51.5464169311523	33.9436639374319
51.5465169311524	33.9436184443179
51.5466169311523	33.9435729512039
51.5467169311523	33.9435274580898
51.5468169311523	33.9434819649758
51.5469169311523	33.9434364718618
51.5470169311523	33.9433909787478
51.5471169311523	33.9433454856337
51.5472169311523	33.9432999925197
51.5473169311523	33.9432544994057
51.5474169311523	33.9432090062916
51.5475169311523	33.9431635131776
51.5476169311523	33.9431180200636
51.5477169311523	33.9430725269496
51.5478169311523	33.9430270338355
51.5479169311523	33.9429815407215
51.5480169311524	33.9429360476075
51.5481169311523	33.9428905544935
51.5482169311523	33.9428450613794
51.5483169311523	33.9427995682654
51.5484169311523	33.9427540751514
51.5485169311523	33.9427085820374
51.5486169311523	33.9426630889233
51.5487169311523	33.9426175958093
51.5488169311523	33.9425721026953
51.5489169311523	33.9425266095813
51.5490169311523	33.9424811164672
51.5491169311523	33.9424356233532
51.5492169311523	33.9423901302392
51.5493169311523	33.9423446371251
51.5494169311523	33.9422991440111
51.5495169311524	33.9422536508971
51.5496169311523	33.9422081577831
51.5497169311523	33.9421626646690
51.5498169311523	33.9421171715550
51.5499169311523	33.9420716784410
51.5500169311523	33.9420261853270
51.5501169311523	33.9419806922129
51.5502169311523	33.9419351990989
51.5503169311523	33.9418897059849
51.5504169311523	33.9418442128709
51.5505169311523	33.9417987197568
51.5506169311523	33.9417532266428
51.5507169311523	33.9417077335288
51.5508169311523	33.9416622404147
51.5509169311523	33.9416167473007
51.5510169311524	33.9415712541867
51.5511169311523	33.9415257610727
51.5512169311524	33.9414802679586
51.5513169311523	33.9414347748446
51.5514169311523	33.9413892817306
51.5515169311523	33.9413437886166
51.5516169311523	33.9412982955025
51.5517169311523	33.9412528023885
51.5518169311523	33.9412073092745
51.5519169311523	33.9411618161605
51.5520169311523	33.9411163230464
51.5521169311523	33.9410708299324
51.5522169311523	33.9410253368184
51.5523169311523	33.9409798437044
51.5524169311523	33.9409343505903
51.5525169311524	33.9408888574763
51.5526169311523	33.9408433643623
51.5527169311524	33.9407978712482
51.5528169311523	33.9407523781342
51.5529169311523	33.9407068850202
51.5530169311523	33.9406613919062
51.5531169311523	33.9406158987921
51.5532169311523	33.9405704056781
51.5533169311523	33.9405249125641
51.5534169311523	33.9404794194501
51.5535169311523	33.9404339263360
51.5536169311523	33.9403884332220
51.5537169311523	33.9403429401080
51.5538169311523	33.9402974469940
51.5539169311523	33.9402519538799
51.5540169311524	33.9402064607659
51.5541169311523	33.9401609676519
51.5542169311524	33.9401154745378
51.5543169311523	33.9400699814238
51.5544169311523	33.9400244883098
51.5545169311523	33.9399789951958
51.5546169311523	33.9399335020817
51.5547169311523	33.9398880089677
51.5548169311523	33.9398425158537
51.5549169311523	33.9397970227397
51.5550169311523	33.9397515296256
51.5551169311523	33.9397060365116
51.5552169311523	33.9396605433976
51.5553169311523	33.9396150502836
51.5554169311523	33.9395695571695
51.5555169311524	33.9395240640555
51.5556169311523	33.9394785709415
51.5557169311524	33.9394330778274
51.5558169311523	33.9393875847134
51.5559169311523	33.9393420915994
51.5560169311523	33.9392965984854
51.5561169311523	33.9392511053713
51.5562169311523	33.9392056122573
51.5563169311523	33.9391601191433
51.5564169311523	33.9391146260293
51.5565169311523	33.9390691329152
51.5566169311523	33.9390236398012
51.5567169311523	33.9389781466872
51.5568169311523	33.9389326535732
51.5569169311523	33.9388871604591
51.5570169311524	33.9388416673451
51.5571169311523	33.9387961742311
51.5572169311524	33.9387506811171
51.5573169311523	33.9387051880030
51.5574169311523	33.9386596948890
51.5575169311523	33.9386142017750
51.5576169311523	33.9385687086609
51.5577169311523	33.9385232155469
51.5578169311523	33.9384777224329
51.5579169311523	33.9384322293189
51.5580169311523	33.9383867362048
51.5581169311523	33.9383412430908
51.5582169311523	33.9382957499768
51.5583169311523	33.9382502568628
51.5584169311523	33.9382047637487
51.5585169311524	33.9381592706347
51.5586169311523	33.9381137775207
51.5587169311524	33.9380682844067
51.5588169311523	33.9380227912926
51.5589169311523	33.9379772981786
51.5590169311523	33.9379318050646
51.5591169311523	33.9378863119505
51.5592169311523	33.9378408188365
51.5593169311523	33.9377953257225
51.5594169311523	33.9377498326085
51.5595169311523	33.9377043394944
51.5596169311523	33.9376588463804
51.5597169311523	33.9376133532664
51.5598169311523	33.9375678601524
51.5599169311523	33.9375223670383
51.5600169311524	33.9374768739243
51.5601169311523	33.9374313808103
51.5602169311524	33.9373858876963
51.5603169311523	33.9373403945822
51.5604169311523	33.9372949014682
51.5605169311523	33.9372494083542
51.5606169311523	33.9372039152402
51.5607169311523	33.9371584221261
51.5608169311523	33.9371129290121
51.5609169311523	33.9370674358981
51.5610169311523	33.9370219427840
51.5611169311523	33.9369764496700
51.5612169311523	33.9369309565560
51.5613169311523	33.9368854634420
51.5614169311523	33.9368399703279
51.5615169311523	33.9367944772139
51.5616169311523	33.9367489840999
51.5617169311524	33.9367034909859
51.5618169311523	33.9366579978718
51.5619169311523	33.9366125047578
51.5620169311523	33.9365670116438
51.5621169311523	33.9365215185297
51.5622169311523	33.9364760254157
51.5623169311523	33.9364305323017
51.5624169311523	33.9363850391877
51.5625169311523	33.9363395460736
51.5626169311523	33.9362940529596
51.5627169311523	33.9362485598456
51.5628169311523	33.9362030667316
51.5629169311523	33.9361575736175
51.5630169311523	33.9361120805035
51.5631169311523	33.9360665873895
51.5632169311524	33.9360210942755
51.5633169311523	33.9359756011614
51.5634169311524	33.9359301080474
51.5635169311523	33.9358846149334
51.5636169311523	33.9358391218194
51.5637169311523	33.9357936287053
51.5638169311523	33.9357481355913
51.5639169311523	33.9357026424773
51.5640169311523	33.9356571493632
51.5641169311523	33.9356116562492
51.5642169311523	33.9355661631352
51.5643169311523	33.9355206700212
51.5644169311523	33.9354751769071
51.5645169311523	33.9354296837931
51.5646169311523	33.9353841906791
51.5647169311524	33.9353386975651
51.5648169311523	33.9352932044510
51.5649169311524	33.9352477113370
51.5650169311523	33.9352022182230
51.5651169311523	33.9351567251090
51.5652169311523	33.9351112319949
51.5653169311523	33.9350657388809
51.5654169311523	33.9350202457669
51.5655169311523	33.9349747526529
51.5656169311523	33.9349292595388
51.5657169311523	33.9348837664248
51.5658169311523	33.9348382733108
51.5659169311523	33.9347927801967
51.5660169311523	33.9347472870827
51.5661169311523	33.9347017939687
51.5662169311524	33.9346563008547
51.5663169311523	33.9346108077406
51.5664169311524	33.9345653146266
51.5665169311523	33.9345198215126
51.5666169311523	33.9344743283986
51.5667169311523	33.9344288352845
51.5668169311523	33.9343833421705
51.5669169311523	33.9343378490565
51.5670169311523	33.9342923559424
51.5671169311523	33.9342468628284
51.5672169311523	33.9342013697144
51.5673169311523	33.9341558766004
51.5674169311523	33.9341103834863
51.5675169311523	33.9340648903723
51.5676169311523	33.9340193972583
51.5677169311524	33.9339739041443
51.5678169311523	33.9339284110302
51.5679169311524	33.9338829179162
51.5680169311523	33.9338374248022
51.5681169311523	33.9337919316882
51.5682169311523	33.9337464385741
51.5683169311523	33.9337009454601
51.5684169311523	33.9336554523461
51.5685169311523	33.9336099592321
51.5686169311523	33.9335644661180
51.5687169311523	33.9335189730040
51.5688169311523	33.9334734798900
51.5689169311523	33.9334279867759
51.5690169311523	33.9333824936619
51.5691169311523	33.9333370005479
51.5692169311524	33.9332915074339
51.5693169311523	33.9332460143198
51.5694169311524	33.9332005212058
51.5695169311523	33.9331550280918
51.5696169311523	33.9331095349778
51.5697169311523	33.9330640418637
51.5698169311523	33.9330185487497
51.5699169311523	33.9329730556357
51.5700169311523	33.9329275625217
51.5701169311523	33.9328820694076
51.5702169311523	33.9328365762936
51.5703169311523	33.9327910831796
51.5704169311523	33.9327455900656
51.5705169311523	33.9327000969515
51.5706169311523	33.9326546038375
51.5707169311524	33.9326091107235
51.5708169311523	33.9325636176094
51.5709169311524	33.9325181244954
51.5710169311523	33.9324726313814
51.5711169311523	33.9324271382674
51.5712169311523	33.9323816451533
51.5713169311523	33.9323361520393
51.5714169311523	33.9322906589253
51.5715169311523	33.9322451658113
51.5716169311523	33.9321996726972
51.5717169311523	33.9321541795832
51.5718169311523	33.9321086864692
51.5719169311523	33.9320631933552
51.5720169311523	33.9320177002411
51.5721169311523	33.9319722071271
51.5722169311524	33.9319267140131
51.5723169311523	33.9318812208990
51.5724169311524	33.9318357277850
51.5725169311523	33.9317902346710
51.5726169311523	33.9317447415570
51.5727169311523	33.9316992484429
51.5728169311523	33.9316537553289
51.5729169311523	33.9316082622149
51.5730169311523	33.9315627691009
51.5731169311523	33.9315172759868
51.5732169311523	33.9314717828728
51.5733169311523	33.9314262897588
51.5734169311523	33.9313807966448
51.5735169311523	33.9313353035307
51.5736169311523	33.9312898104167
51.5737169311523	33.9312443173027
51.5738169311523	33.9311988241887
51.5739169311524	33.9311533310746
51.5740169311523	33.9311078379606
51.5741169311523	33.9310623448466
51.5742169311523	33.9310168517325
51.5743169311523	33.9309713586185
51.5744169311523	33.9309258655045
51.5745169311523	33.9308803723905
51.5746169311523	33.9308348792764
51.5747169311523	33.9307893861624
51.5748169311523	33.9307438930484
51.5749169311523	33.9306983999344
51.5750169311523	33.9306529068203
51.5751169311523	33.9306074137063
51.5752169311523	33.9305619205923
51.5753169311523	33.9305164274783
51.5754169311524	33.9304709343642
51.5755169311523	33.9304254412502
51.5756169311524	33.9303799481362
51.5757169311523	33.9303344550222
51.5758169311523	33.9302889619081
51.5759169311523	33.9302434687941
51.5760169311523	33.9301979756801
51.5761169311523	33.9301524825660
51.5762169311523	33.9301069894520
51.5763169311523	33.9300614963380
51.5764169311523	33.9300160032240
51.5765169311523	33.9299705101099
51.5766169311523	33.9299250169959
51.5767169311523	33.9298795238819
51.5768169311523	33.9298340307679
51.5769169311524	33.9297885376538
51.5770169311523	33.9297430445398
51.5771169311524	33.9296975514258
51.5772169311523	33.9296520583117
51.5773169311523	33.9296065651977
51.5774169311523	33.9295610720837
51.5775169311523	33.9295155789697
51.5776169311523	33.9294700858556
51.5777169311523	33.9294245927416
51.5778169311523	33.9293790996276
51.5779169311523	33.9293336065136
51.5780169311523	33.9292881133995
51.5781169311523	33.9292426202855
51.5782169311523	33.9291971271715
51.5783169311523	33.9291516340575
51.5784169311524	33.9291061409434
51.5785169311523	33.9290606478294
51.5786169311524	33.9290151547154
51.5787169311523	33.9289696616014
51.5788169311523	33.9289241684873
51.5789169311523	33.9288786753733
51.5790169311523	33.9288331822593
51.5791169311523	33.9287876891452
51.5792169311523	33.9287421960312
51.5793169311523	33.9286967029172
51.5794169311523	33.9286512098032
51.5795169311523	33.9286057166891
51.5796169311523	33.9285602235751
51.5797169311523	33.9285147304611
51.5798169311523	33.9284692373471
51.5799169311524	33.9284237442330
51.5800169311523	33.9283782511190
51.5801169311524	33.9283327580050
51.5802169311523	33.9282872648910
51.5803169311523	33.9282417717769
51.5804169311523	33.9281962786629
51.5805169311523	33.9281507855489
51.5806169311523	33.9281052924349
51.5807169311523	33.9280597993208
51.5808169311523	33.9280143062068
51.5809169311523	33.9279688130928
51.5810169311523	33.9279233199787
51.5811169311523	33.9278778268647
51.5812169311523	33.9278323337507
51.5813169311523	33.9277868406367
51.5814169311524	33.9277413475226
51.5815169311523	33.9276958544086
51.5816169311524	33.9276503612946
51.5817169311523	33.9276048681806
51.5818169311523	33.9275593750665
51.5819169311523	33.9275138819525
51.5820169311523	33.9274683888385
51.5821169311523	33.9274228957245
51.5822169311523	33.9273774026104
51.5823169311523	33.9273319094964
51.5824169311523	33.9272864163824
51.5825169311523	33.9272409232683
51.5826169311523	33.9271954301543
51.5827169311523	33.9271499370403
51.5828169311523	33.9271044439263
51.5829169311524	33.9270589508122
51.5830169311523	33.9270134576982
51.5831169311524	33.9269679645842
51.5832169311523	33.9269224714702
51.5833169311523	33.9268769783561
51.5834169311523	33.9268314852421
51.5835169311523	33.9267859921281
51.5836169311523	33.9267404990141
51.5837169311523	33.9266950059000
51.5838169311523	33.9266495127860
51.5839169311523	33.9266040196720
51.5840169311523	33.9265585265580
51.5841169311523	33.9265130334439
51.5842169311523	33.9264675403299
51.5843169311523	33.9264220472159
51.5844169311524	33.9263765541018
51.5845169311523	33.9263310609878
51.5846169311524	33.9262855678738
51.5847169311523	33.9262400747598
51.5848169311523	33.9261945816457
51.5849169311523	33.9261490885317
51.5850169311523	33.9261035954177
51.5851169311523	33.9260581023037
51.5852169311523	33.9260126091896
51.5853169311523	33.9259671160756
51.5854169311523	33.9259216229616
51.5855169311523	33.9258761298476
51.5856169311523	33.9258306367335
51.5857169311523	33.9257851436195
51.5858169311523	33.9257396505055
51.5859169311523	33.9256941573915
51.5860169311523	33.9256486642774
51.5861169311524	33.9256031711634
51.5862169311523	33.9255576780494
51.5863169311523	33.9255121849353
51.5864169311523	33.9254666918213
51.5865169311523	33.9254211987073
51.5866169311523	33.9253757055933
51.5867169311523	33.9253302124792
51.5868169311523	33.9252847193652
51.5869169311523	33.9252392262512
51.5870169311523	33.9251937331372
51.5871169311523	33.9251482400231
51.5872169311523	33.9251027469091
51.5873169311523	33.9250572537951
51.5874169311523	33.9250117606810
51.5875169311523	33.9249662675670
51.5876169311524	33.9249207744530
51.5877169311523	33.9248752813390
51.5878169311524	33.9248297882249
51.5879169311523	33.9247842951109
51.5880169311523	33.9247388019969
51.5881169311523	33.9246933088829
51.5882169311523	33.9246478157688
51.5883169311523	33.9246023226548
51.5884169311523	33.9245568295408
51.5885169311523	33.9245113364268
51.5886169311523	33.9244658433127
51.5887169311523	33.9244203501987
51.5888169311523	33.9243748570847
51.5889169311523	33.9243293639707
51.5890169311523	33.9242838708566
51.5891169311524	33.9242383777426
51.5892169311523	33.9241928846286
51.5893169311524	33.9241473915145
51.5894169311523	33.9241018984005
51.5895169311523	33.9240564052865
51.5896169311523	33.9240109121725
51.5897169311523	33.9239654190584
51.5898169311523	33.9239199259444
51.5899169311523	33.9238744328304
51.5900169311523	33.9238289397164
51.5901169311523	33.9237834466023
51.5902169311523	33.9237379534883
51.5903169311523	33.9236924603743
51.5904169311523	33.9236469672603
51.5905169311523	33.9236014741462
51.5906169311524	33.9235559810322
51.5907169311523	33.9235104879182
51.5908169311524	33.9234649948041
51.5909169311523	33.9234195016901
51.5910169311523	33.9233740085761
51.5911169311523	33.9233285154621
51.5912169311523	33.9232830223480
51.5913169311523	33.9232375292340
51.5914169311523	33.9231920361200
51.5915169311523	33.9231465430060
51.5916169311523	33.9231010498919
51.5917169311523	33.9230555567779
51.5918169311523	33.9230100636639
51.5919169311523	33.9229645705499
51.5920169311523	33.9229190774358
51.5921169311524	33.9228735843218
51.5922169311523	33.9228280912078
51.5923169311524	33.9227825980938
51.5924169311523	33.9227371049797
51.5925169311523	33.9226916118657
51.5926169311523	33.9226461187517
51.5927169311523	33.9226006256376
51.5928169311523	33.9225551325236
51.5929169311523	33.9225096394096
51.5930169311523	33.9224641462956
51.5931169311523	33.9224186531815
51.5932169311523	33.9223731600675
51.5933169311523	33.9223276669535
51.5934169311523	33.9222821738395
51.5935169311523	33.9222366807254
51.5936169311524	33.9221911876114
51.5937169311523	33.9221456944974
51.5938169311524	33.9221002013833
51.5939169311523	33.9220547082693
51.5940169311523	33.9220092151553
51.5941169311523	33.9219637220413
51.5942169311523	33.9219182289272
51.5943169311523	33.9218727358132
51.5944169311523	33.9218272426992
51.5945169311523	33.9217817495852
51.5946169311523	33.9217362564711
51.5947169311523	33.9216907633571
51.5948169311523	33.9216452702431
51.5949169311523	33.9215997771291
51.5950169311523	33.9215542840150
51.5951169311524	33.9215087909010
51.5952169311523	33.9214632977870
51.5953169311524	33.9214178046730
51.5954169311523	33.9213723115589
51.5955169311523	33.9213268184449
51.5956169311523	33.9212813253309
51.5957169311523	33.9212358322168
51.5958169311523	33.9211903391028
51.5959169311523	33.9211448459888
51.5960169311523	33.9210993528748
51.5961169311523	33.9210538597607
51.5962169311523	33.9210083666467
51.5963169311523	33.9209628735327
51.5964169311523	33.9209173804187
51.5965169311523	33.9208718873046
51.5966169311524	33.9208263941906
51.5967169311523	33.9207809010766
51.5968169311524	33.9207354079626
51.5969169311523	33.9206899148485
51.5970169311523	33.9206444217345
51.5971169311523	33.9205989286205
51.5972169311523	33.9205534355065
51.5973169311523	33.9205079423924
51.5974169311523	33.9204624492784
51.5975169311523	33.9204169561644
51.5976169311523	33.9203714630503
51.5977169311523	33.9203259699363
51.5978169311523	33.9202804768223
51.5979169311523	33.9202349837083
51.5980169311523	33.9201894905942
51.5981169311523	33.9201439974802
51.5982169311523	33.9200985043662
51.5983169311524	33.9200530112522
51.5984169311523	33.9200075181381
51.5985169311523	33.9199620250241
51.5986169311523	33.9199165319101
51.5987169311523	33.9198710387960
51.5988169311523	33.9198255456820
51.5989169311523	33.9197800525680
51.5990169311523	33.9197345594540
51.5991169311523	33.9196890663399
51.5992169311523	33.9196435732259
51.5993169311523	33.9195980801119
51.5994169311523	33.9195525869979
51.5995169311523	33.9195070938838
51.5996169311523	33.9194616007698
51.5997169311523	33.9194161076558
51.5998169311524	33.9193706145418
51.5999169311523	33.9193251214277
51.6000169311523	33.9192796283137
51.6001169311523	33.9192341351997
51.6002169311523	33.9191886420857
51.6003169311523	33.9191431489716
51.6004169311523	33.9190976558576
51.6005169311523	33.9190521627436
51.6006169311523	33.9190066696295
51.6007169311523	33.9189611765155
51.6008169311523	33.9189156834015
51.6009169311523	33.9188701902875
51.6010169311523	33.9188246971734
51.6011169311523	33.9187792040594
51.6012169311523	33.9187337109454
51.6013169311524	33.9186882178314
51.6014169311523	33.9186427247173
51.6015169311524	33.9185972316033
51.6016169311523	33.9185517384893
51.6017169311523	33.9185062453753
51.6018169311523	33.9184607522612
51.6019169311523	33.9184152591472
51.6020169311523	33.9183697660332
51.6021169311523	33.9183242729192
51.6022169311523	33.9182787798051
51.6023169311523	33.9182332866911
51.6024169311523	33.9181877935771
51.6025169311523	33.9181423004630
51.6026169311523	33.9180968073490
51.6027169311523	33.9180513142350
51.6028169311524	33.9180058211210
51.6029169311523	33.9179603280069
51.6030169311524	33.9179148348929
51.6031169311523	33.9178693417789
51.6032169311523	33.9178238486649
51.6033169311523	33.9177783555508
51.6034169311523	33.9177328624368
51.6035169311523	33.9176873693228
51.6036169311523	33.9176418762088
51.6037169311523	33.9175963830947
51.6038169311523	33.9175508899807
51.6039169311523	33.9175053968667
51.6040169311523	33.9174599037526
51.6041169311523	33.9174144106386
51.6042169311523	33.9173689175246
51.6043169311524	33.9173234244106
51.6044169311523	33.9172779312965
51.6045169311524	33.9172324381825
51.6046169311523	33.9171869450685
51.6047169311523	33.9171414519545
51.6048169311523	33.9170959588404
51.6049169311523	33.9170504657264
51.6050169311523	33.9170049726124
51.6051169311523	33.9169594794984
51.6052169311523	33.9169139863843
51.6053169311523	33.9168684932703
51.6054169311523	33.9168230001563
51.6055169311523	33.9167775070423
51.6056169311523	33.9167320139282
51.6057169311523	33.9166865208142
51.6058169311524	33.9166410277002
51.6059169311523	33.9165955345861
51.6060169311524	33.9165500414721
51.6061169311523	33.9165045483581
51.6062169311523	33.9164590552441
51.6063169311523	33.9164135621300
51.6064169311523	33.9163680690160
51.6065169311523	33.9163225759020
51.6066169311523	33.9162770827880
51.6067169311523	33.9162315896739
51.6068169311523	33.9161860965599
51.6069169311523	33.9161406034459
51.6070169311523	33.9160951103319
51.6071169311523	33.9160496172178
51.6072169311523	33.9160041241038
51.6073169311524	33.9159586309898
51.6074169311523	33.9159131378758
51.6075169311524	33.9158676447617
51.6076169311523	33.9158221516477
51.6077169311523	33.9157766585337
51.6078169311523	33.9157311654196
51.6079169311523	33.9156856723056
51.6080169311523	33.9156401791916
51.6081169311523	33.9155946860776
51.6082169311523	33.9155491929635
51.6083169311523	33.9155036998495
51.6084169311523	33.9154582067355
51.6085169311523	33.9154127136215
51.6086169311523	33.9153672205074
51.6087169311523	33.9153217273934
51.6088169311523	33.9152762342794
51.6089169311523	33.9152307411653
51.6090169311523	33.9151852480513
51.6091169311523	33.9151397549373
51.6092169311523	33.9150942618233
51.6093169311523	33.9150487687092
51.6094169311523	33.9150032755952
51.6095169311523	33.9149577824812
51.6096169311523	33.9149122893672
51.6097169311523	33.9148667962531
51.6098169311523	33.9148213031391
51.6099169311523	33.9147758100251
51.6100169311523	33.9147303169111
51.6101169311523	33.9146848237970
51.6102169311523	33.9146393306830
51.6103169311523	33.9145938375690
51.6104169311523	33.9145483444550
51.6105169311523	33.9145028513409
51.6106169311523	33.9144573582269
51.6107169311523	33.9144118651129
51.6108169311523	33.9143663719988
51.6109169311523	33.9143208788848
51.6110169311523	33.9142753857708
51.6111169311523	33.9142298926568
51.6112169311523	33.9141843995427
51.6113169311523	33.9141389064287
51.6114169311523	33.9140934133147
51.6115169311523	33.9140479202007
51.6116169311523	33.9140024270866
51.6117169311523	33.9139569339726
51.6118169311523	33.9139114408586
51.6119169311523	33.9138659477446
51.6120169311523	33.9138204546305
51.6121169311523	33.9137749615165
51.6122169311523	33.9137294684025
51.6123169311523	33.9136839752885
51.6124169311523	33.9136384821744
51.6125169311523	33.9135929890604
51.6126169311523	33.9135474959464
51.6127169311523	33.9135020028323
51.6128169311523	33.9134565097183
51.6129169311523	33.9134110166043
51.6130169311523	33.9133655234903
51.6131169311523	33.9133200303762
51.6132169311523	33.9132745372622
51.6133169311523	33.9132290441482
51.6134169311523	33.9131835510342
51.6135169311523	33.9131380579201
51.6136169311523	33.9130925648061
51.6137169311523	33.9130470716921
51.6138169311523	33.9130015785781
51.6139169311523	33.9129560854640
51.6140169311523	33.9129105923500
51.6141169311523	33.9128650992360
51.6142169311523	33.9128196061219
51.6143169311523	33.9127741130079
51.6144169311523	33.9127286198939
51.6145169311523	33.9126831267799
51.6146169311523	33.9126376336658
51.6147169311523	33.9125921405518
51.6148169311523	33.9125466474378
51.6149169311523	33.9125011543238
51.6150169311523	33.9124556612097
51.6151169311523	33.9124101680957
51.6152169311523	33.9123646749817
51.6153169311523	33.9123191818677
51.6154169311523	33.9122736887536
51.6155169311523	33.9122281956396
51.6156169311523	33.9121827025256
51.6157169311523	33.9121372094116
51.6158169311523	33.9120917162975
51.6159169311523	33.9120462231835
51.6160169311523	33.9120007300695
51.6161169311523	33.9119552369554
51.6162169311523	33.9119097438414
51.6163169311523	33.9118642507274
51.6164169311523	33.9118187576134
51.6165169311523	33.9117732644993
51.6166169311523	33.9117277713853
51.6167169311523	33.9116822782713
51.6168169311523	33.9116367851573
51.6169169311523	33.9115912920432
51.6170169311523	33.9115457989292
51.6171169311523	33.9115003058152
51.6172169311523	33.9114548127012
51.6173169311523	33.9114093195871
51.6174169311523	33.9113638264731
51.6175169311523	33.9113183333591
51.6176169311523	33.9112728402451
51.6177169311523	33.9112273471310
51.6178169311523	33.9111818540170
51.6179169311523	33.9111363609030
51.6180169311523	33.9110908677889
51.6181169311523	33.9110453746749
51.6182169311523	33.9109998815609
51.6183169311523	33.9109543884469
51.6184169311523	33.9109088953328
51.6185169311523	33.9108634022188
51.6186169311523	33.9108179091048
51.6187169311523	33.9107724159908
51.6188169311523	33.9107269228767
51.6189169311523	33.9106814297627
51.6190169311523	33.9106359366487
51.6191169311523	33.9105904435346
51.6192169311523	33.9105449504206
51.6193169311523	33.9104994573066
51.6194169311523	33.9104539641926
51.6195169311523	33.9104084710785
51.6196169311523	33.9103629779645
51.6197169311523	33.9103174848505
51.6198169311523	33.9102719917365
51.6199169311523	33.9102264986224
51.6200169311523	33.9101810055084
51.6201169311523	33.9101355123944
51.6202169311523	33.9100900192804
51.6203169311523	33.9100445261663
51.6204169311523	33.9099990330523
51.6205169311523	33.9099535399383
51.6206169311523	33.9099080468243
51.6207169311523	33.9098625537102
51.6208169311523	33.9098170605962
51.6209169311523	33.9097715674822
51.6210169311523	33.9097260743681
51.6211169311523	33.9096805812541
51.6212169311523	33.9096350881401
51.6213169311523	33.9095895950261
51.6214169311523	33.9095441019120
51.6215169311523	33.9094986087980
51.6216169311523	33.9094531156840
51.6217169311523	33.9094076225700
51.6218169311523	33.9093621294559
51.6219169311523	33.9093166363419
51.6220169311523	33.9092711432279
51.6221169311523	33.9092256501139
51.6222169311523	33.9091801569998
51.6223169311523	33.9091346638858
51.6224169311523	33.9090891707718
51.6225169311523	33.9090436776578
51.6226169311523	33.9089981845437
51.6227169311523	33.9089526914297
51.6228169311523	33.9089071983157
51.6229169311523	33.9088617052016
51.6230169311523	33.9088162120876
51.6231169311523	33.9087707189736
51.6232169311523	33.9087252258596
51.6233169311523	33.9086797327455
51.6234169311523	33.9086342396315
51.6235169311523	33.9085887465175
51.6236169311523	33.9085432534035
51.6237169311523	33.9084977602894
51.6238169311523	33.9084522671754
51.6239169311523	33.9084067740614
51.6240169311523	33.9083612809474
51.6241169311523	33.9083157878333
51.6242169311523	33.9082702947193
51.6243169311523	33.9082248016053
51.6244169311523	33.9081793084912
51.6245169311523	33.9081338153772
51.6246169311523	33.9080883222632
51.6247169311523	33.9080428291492
51.6248169311523	33.9079973360351
51.6249169311523	33.9079518429211
51.6250169311523	33.9079063498071
51.6251169311523	33.9078608566931
51.6252169311523	33.9078153635790
51.6253169311523	33.9077698704650
51.6254169311523	33.9077243773510
51.6255169311523	33.9076788842370
51.6256169311523	33.9076333911229
51.6257169311523	33.9075878980089
51.6258169311523	33.9075424048949
51.6259169311523	33.9074969117809
51.6260169311523	33.9074514186668
51.6261169311523	33.9074059255528
51.6262169311523	33.9073604324388
51.6263169311523	33.9073149393247
51.6264169311523	33.9072694462107
51.6265169311523	33.9072239530967
51.6266169311523	33.9071784599827
51.6267169311523	33.9071329668686
51.6268169311523	33.9070874737546
51.6269169311523	33.9070419806406
51.6270169311523	33.9069964875266
51.6271169311523	33.9069509944125
51.6272169311523	33.9069055012985
51.6273169311523	33.9068600081845
51.6274169311523	33.9068145150704
51.6275169311523	33.9067690219564
51.6276169311523	33.9067235288424
51.6277169311523	33.9066780357284
51.6278169311523	33.9066325426143
51.6279169311523	33.9065870495003
51.6280169311523	33.9065415563863
51.6281169311523	33.9064960632723
51.6282169311523	33.9064505701582
51.6283169311523	33.9064050770442
51.6284169311523	33.9063595839302
51.6285169311523	33.9063140908162
51.6286169311523	33.9062685977021
51.6287169311523	33.9062231045881
51.6288169311523	33.9061776114741
51.6289169311523	33.9061321183601
51.6290169311523	33.9060866252460
51.6291169311523	33.9060411321320
51.6292169311523	33.9059956390180
51.6293169311523	33.9059501459039
51.6294169311523	33.9059046527899
51.6295169311523	33.9058591596759
51.6296169311523	33.9058136665619
51.6297169311523	33.9057681734478
51.6298169311523	33.9057226803338
51.6299169311523	33.9056771872198
51.6300169311523	33.9056316941058
51.6301169311523	33.9055862009917
51.6302169311523	33.9055407078777
51.6303169311523	33.9054952147637
51.6304169311523	33.9054497216497
51.6305169311523	33.9054042285356
51.6306169311523	33.9053587354216
51.6307169311523	33.9053132423076
51.6308169311523	33.9052677491935
51.6309169311523	33.9052222560795
51.6310169311523	33.9051767629655
51.6311169311523	33.9051312698515
51.6312169311523	33.9050857767374
51.6313169311523	33.9050402836234
51.6314169311523	33.9049947905094
51.6315169311523	33.9049492973954
51.6316169311523	33.9049038042813
51.6317169311523	33.9048583111673
51.6318169311523	33.9048128180533
51.6319169311523	33.9047673249393
51.6320169311523	33.9047218318252
51.6321169311523	33.9046763387112
51.6322169311523	33.9046308455972
51.6323169311523	33.9045853524831
51.6324169311523	33.9045398593691
51.6325169311523	33.9044943662551
51.6326169311523	33.9044488731411
51.6327169311523	33.9044033800270
51.6328169311523	33.9043578869130
51.6329169311523	33.9043123937990
51.6330169311523	33.9042669006850
51.6331169311523	33.9042214075709
51.6332169311523	33.9041759144569
51.6333169311523	33.9041304213429
51.6334169311523	33.9040849282289
51.6335169311523	33.9040394351148
51.6336169311523	33.9039939420008
51.6337169311523	33.9039484488868
51.6338169311523	33.9039029557728
51.6339169311523	33.9038574626587
51.6340169311523	33.9038119695447
51.6341169311523	33.9037664764307
51.6342169311523	33.9037209833166
51.6343169311523	33.9036754902026
51.6344169311523	33.9036299970886
51.6345169311523	33.9035845039746
51.6346169311523	33.9035390108605
51.6347169311523	33.9034935177465
51.6348169311523	33.9034480246325
51.6349169311523	33.9034025315185
51.6350169311523	33.9033570384044
51.6351169311523	33.9033115452904
51.6352169311523	33.9032660521764
51.6353169311523	33.9032205590624
51.6354169311523	33.9031750659483
51.6355169311523	33.9031295728343
51.6356169311523	33.9030840797203
51.6357169311523	33.9030385866062
51.6358169311523	33.9029930934922
51.6359169311523	33.9029476003782
51.6360169311523	33.9029021072642
51.6361169311523	33.9028566141501
51.6362169311523	33.9028111210361
51.6363169311523	33.9027656279221
51.6364169311523	33.9027201348081
51.6365169311523	33.9026746416940
51.6366169311523	33.9026291485800
51.6367169311523	33.9025836554660
51.6368169311523	33.9025381623520
51.6369169311523	33.9024926692379
51.6370169311523	33.9024471761239
51.6371169311523	33.9024016830099
51.6372169311523	33.9023561898959
51.6373169311523	33.9023106967818
51.6374169311523	33.9022652036678
51.6375169311523	33.9022197105538
51.6376169311523	33.9021742174397
51.6377169311523	33.9021287243257
51.6378169311523	33.9020832312117
51.6379169311523	33.9020377380977
51.6380169311523	33.9019922449836
51.6381169311523	33.9019467518696
51.6382169311523	33.9019012587556
51.6383169311523	33.9018557656416
51.6384169311523	33.9018102725275
51.6385169311523	33.9017647794135
51.6386169311523	33.9017192862995
51.6387169311523	33.9016737931855
51.6388169311523	33.9016283000714
51.6389169311523	33.9015828069574
51.6390169311523	33.9015373138434
51.6391169311523	33.9014918207294
51.6392169311523	33.9014463276153
51.6393169311523	33.9014008345013
51.6394169311523	33.9013553413873
51.6395169311523	33.9013098482732
51.6396169311523	33.9012643551592
51.6397169311523	33.9012188620452
51.6398169311523	33.9011733689312
51.6399169311523	33.9011278758171
51.6400169311523	33.9010823827031
51.6401169311523	33.9010368895891
51.6402169311523	33.9009913964751
51.6403169311523	33.9009459033610
51.6404169311523	33.9009004102470
51.6405169311523	33.9008549171330
51.6406169311523	33.9008094240189
51.6407169311523	33.9007639309049
51.6408169311523	33.9007184377909
51.6409169311523	33.9006729446769
51.6410169311523	33.9006274515628
51.6411169311523	33.9005819584488
51.6412169311523	33.9005364653348
51.6413169311523	33.9004909722208
51.6414169311523	33.9004454791067
51.6415169311523	33.9003999859927
51.6416169311523	33.9003544928787
51.6417169311523	33.9003089997647
51.6418169311523	33.9002635066506
51.6419169311523	33.9002180135366
51.6420169311523	33.9001725204226
51.6421169311523	33.9001270273086
51.6422169311523	33.9000815341945
51.6423169311523	33.9000360410805
51.6424169311523	33.8999905479665
51.6425169311523	33.8999450548524
51.6426169311523	33.8998995617384
51.6427169311523	33.8998540686244
51.6428169311523	33.8998085755104
51.6429169311523	33.8997630823963
51.6430169311523	33.8997175892823
51.6431169311523	33.8996720961683
51.6432169311523	33.8996266030543
51.6433169311523	33.8995811099402
51.6434169311523	33.8995356168262
51.6435169311523	33.8994901237122
51.6436169311523	33.8994446305982
51.6437169311523	33.8993991374841
51.6438169311523	33.8993536443701
51.6439169311523	33.8993081512561
51.6440169311523	33.8992626581420
51.6441169311523	33.8992171650280
51.6442169311523	33.8991716719140
51.6443169311523	33.8991261788000
51.6444169311523	33.8990806856859
51.6445169311523	33.8990351925719
51.6446169311523	33.8989896994579
51.6447169311523	33.8989442063439
51.6448169311523	33.8988987132298
51.6449169311523	33.8988532201158
51.6450169311523	33.8988077270018
51.6451169311523	33.8987622338878
51.6452169311523	33.8987167407737
51.6453169311523	33.8986712476597
51.6454169311523	33.8986257545457
51.6455169311523	33.8985802614317
51.6456169311523	33.8985347683176
51.6457169311523	33.8984892752036
51.6458169311523	33.8984437820896
51.6459169311523	33.8983982889755
51.6460169311523	33.8983527958615
51.6461169311523	33.8983073027475
51.6462169311523	33.8982618096335
51.6463169311523	33.8982163165194
51.6464169311523	33.8981708234054
51.6465169311523	33.8981253302914
51.6466169311523	33.8980798371774
51.6467169311523	33.8980343440633
51.6468169311523	33.8979888509493
51.6469169311523	33.8979433578353
51.6470169311523	33.8978978647213
51.6471169311523	33.8978523716072
51.6472169311523	33.8978068784932
51.6473169311523	33.8977613853792
51.6474169311523	33.8977158922652
51.6475169311523	33.8976703991511
51.6476169311523	33.8976249060371
51.6477169311523	33.8975794129231
51.6478169311523	33.8975339198090
51.6479169311523	33.8974884266950
51.6480169311523	33.8974429335810
51.6481169311523	33.8973974404670
51.6482169311523	33.8973519473529
51.6483169311523	33.8973064542389
51.6484169311523	33.8972609611249
51.6485169311523	33.8972154680109
51.6486169311523	33.8971699748968
51.6487169311523	33.8971244817828
51.6488169311523	33.8970789886688
51.6489169311523	33.8970334955548
51.6490169311523	33.8969880024407
51.6491169311523	33.8969425093267
51.6492169311523	33.8968970162127
51.6493169311523	33.8968515230986
51.6494169311523	33.8968060299846
51.6495169311523	33.8967605368706
51.6496169311523	33.8967150437566
51.6497169311523	33.8966695506425
51.6498169311523	33.8966240575285
51.6499169311523	33.8965785644145
51.6500169311523	33.8965330713005
51.6501169311523	33.8964875781864
51.6502169311523	33.8964420850724
51.6503169311523	33.8963965919584
51.6504169311523	33.8963510988444
51.6505169311523	33.8963056057303
51.6506169311523	33.8962601126163
51.6507169311523	33.8962146195023
51.6508169311523	33.8961691263882
51.6509169311523	33.8961236332742
51.6510169311523	33.8960781401602
51.6511169311523	33.8960326470462
51.6512169311523	33.8959871539321
51.6513169311523	33.8959416608181
51.6514169311523	33.8958961677041
51.6515169311523	33.8958506745901
51.6516169311523	33.8958051814760
51.6517169311523	33.8957596883620
51.6518169311523	33.8957141952480
51.6519169311523	33.8956687021340
51.6520169311523	33.8956232090199
51.6521169311523	33.8955777159059
51.6522169311523	33.8955322227919
51.6523169311523	33.8954867296779
51.6524169311523	33.8954412365638
51.6525169311523	33.8953957434498
51.6526169311523	33.8953502503358
51.6527169311523	33.8953047572217
51.6528169311523	33.8952592641077
51.6529169311523	33.8952137709937
51.6530169311523	33.8951682778797
51.6531169311523	33.8951227847656
51.6532169311523	33.8950772916516
51.6533169311523	33.8950317985376
51.6534169311523	33.8949863054236
51.6535169311523	33.8949408123095
51.6536169311523	33.8948953191955
51.6537169311523	33.8948498260815
51.6538169311523	33.8948043329675
51.6539169311523	33.8947588398534
51.6540169311523	33.8947133467394
51.6541169311523	33.8946678536254
51.6542169311523	33.8946223605114
51.6543169311523	33.8945768673973
51.6544169311523	33.8945313742833
51.6545169311523	33.8944858811693
51.6546169311523	33.8944403880552
51.6547169311523	33.8943948949412
51.6548169311523	33.8943494018272
51.6549169311523	33.8943039087132
51.6550169311523	33.8942584155991
51.6551169311523	33.8942129224851
51.6552169311523	33.8941674293711
51.6553169311523	33.8941219362571
51.6554169311523	33.8940764431430
51.6555169311523	33.8940309500290
51.6556169311523	33.8939854569150
51.6557169311523	33.8939399638009
51.6558169311523	33.8938944706869
51.6559169311523	33.8938489775729
51.6560169311523	33.8938034844589
51.6561169311523	33.8937579913448
51.6562169311523	33.8937124982308
51.6563169311523	33.8936670051168
51.6564169311523	33.8936215120028
51.6565169311523	33.8935760188887
51.6566169311523	33.8935305257747
51.6567169311523	33.8934850326607
51.6568169311523	33.8934395395467
51.6569169311523	33.8933940464326
51.6570169311523	33.8933485533186
51.6571169311523	33.8933030602046
51.6572169311523	33.8932575670906
51.6573169311523	33.8932120739765
51.6574169311523	33.8931665808625
51.6575169311523	33.8931210877485
51.6576169311523	33.8930755946344
51.6577169311523	33.8930301015204
51.6578169311523	33.8929846084064
51.6579169311523	33.8929391152924
51.6580169311523	33.8928936221783
51.6581169311523	33.8928481290643
51.6582169311523	33.8928026359503
51.6583169311523	33.8927571428363
51.6584169311523	33.8927116497222
51.6585169311523	33.8926661566082
51.6586169311523	33.8926206634942
51.6587169311523	33.8925751703802
51.6588169311523	33.8925296772661
51.6589169311523	33.8924841841521
51.6590169311523	33.8924386910381
51.6591169311523	33.8923931979241
51.6592169311523	33.8923477048100
51.6593169311523	33.8923022116960
51.6594169311523	33.8922567185820
51.6595169311523	33.8922112254679
51.6596169311523	33.8921657323539
51.6597169311523	33.8921202392399
51.6598169311523	33.8920747461259
51.6599169311523	33.8920292530118
51.6600169311523	33.8919837598978
51.6601169311523	33.8919382667838
51.6602169311523	33.8918927736698
51.6603169311523	33.8918472805557
51.6604169311523	33.8918017874417
51.6605169311523	33.8917562943277
51.6606169311523	33.8917108012137
51.6607169311523	33.8916653080996
51.6608169311523	33.8916198149856
51.6609169311523	33.8915743218716
51.6610169311523	33.8915288287575
51.6611169311523	33.8914833356435
51.6612169311523	33.8914378425295
51.6613169311523	33.8913923494155
51.6614169311523	33.8913468563014
51.6615169311523	33.8913013631874
51.6616169311523	33.8912558700734
51.6617169311523	33.8912103769594
51.6618169311523	33.8911648838453
51.6619169311523	33.8911193907313
51.6620169311523	33.8910738976173
51.6621169311523	33.8910284045033
51.6622169311523	33.8909829113892
51.6623169311523	33.8909374182752
51.6624169311523	33.8908919251612
51.6625169311523	33.8908464320472
51.6626169311523	33.8908009389331
51.6627169311523	33.8907554458191
51.6628169311523	33.8907099527051
51.6629169311523	33.8906644595910
51.6630169311523	33.8906189664770
51.6631169311523	33.8905734733630
51.6632169311523	33.8905279802490
51.6633169311523	33.8904824871349
51.6634169311523	33.8904369940209
51.6635169311523	33.8903915009069
51.6636169311523	33.8903460077929
51.6637169311523	33.8903005146788
51.6638169311523	33.8902550215648
51.6639169311523	33.8902095284508
51.6640169311523	33.8901640353367
51.6641169311523	33.8901185422227
51.6642169311523	33.8900730491087
51.6643169311523	33.8900275559947
51.6644169311523	33.8899820628806
51.6645169311523	33.8899365697666
51.6646169311523	33.8898910766526
51.6647169311523	33.8898455835386
51.6648169311523	33.8898000904245
51.6649169311523	33.8897545973105
51.6650169311523	33.8897091041965
51.6651169311523	33.8896636110825
51.6652169311523	33.8896181179684
51.6653169311523	33.8895726248544
51.6654169311523	33.8895271317404
51.6655169311523	33.8894816386264
51.6656169311523	33.8894361455123
51.6657169311523	33.8893906523983
51.6658169311523	33.8893451592843
51.6659169311523	33.8892996661702
51.6660169311523	33.8892541730562
51.6661169311523	33.8892086799422
51.6662169311523	33.8891631868282
51.6663169311523	33.8891176937141
51.6664169311523	33.8890722006001
51.6665169311523	33.8890267074861
51.6666169311523	33.8889812143721
51.6667169311523	33.8889357212580
51.6668169311523	33.8888902281440
51.6669169311523	33.8888447350300
51.6670169311523	33.8887992419160
51.6671169311523	33.8887537488019
51.6672169311523	33.8887082556879
51.6673169311523	33.8886627625739
51.6674169311523	33.8886172694598
51.6675169311523	33.8885717763458
51.6676169311523	33.8885262832318
51.6677169311523	33.8884807901178
51.6678169311523	33.8884352970037
51.6679169311523	33.8883898038897
51.6680169311523	33.8883443107757
51.6681169311523	33.8882988176617
51.6682169311523	33.8882533245476
51.6683169311523	33.8882078314336
51.6684169311523	33.8881623383196
51.6685169311523	33.8881168452056
51.6686169311523	33.8880713520915
51.6687169311523	33.8880258589775
51.6688169311523	33.8879803658635
51.6689169311523	33.8879348727495
51.6690169311523	33.8878893796354
51.6691169311523	33.8878438865214
51.6692169311523	33.8877983934074
51.6693169311523	33.8877529002933
51.6694169311523	33.8877074071793
51.6695169311523	33.8876619140653
51.6696169311523	33.8876164209513
51.6697169311523	33.8875709278372
51.6698169311523	33.8875254347232
51.6699169311523	33.8874799416092
51.6700169311523	33.8874344484952
51.6701169311523	33.8873889553811
51.6702169311523	33.8873434622671
51.6703169311523	33.8872979691531
51.6704169311523	33.8872524760391
51.6705169311523	33.8872069829250
51.6706169311523	33.8871614898110
51.6707169311523	33.8871159966970
51.6708169311523	33.8870705035830
51.6709169311523	33.8870250104689
51.6710169311523	33.8869795173549
51.6711169311523	33.8869340242409
51.6712169311523	33.8868885311268
51.6713169311523	33.8868430380128
51.6714169311523	33.8867975448988
51.6715169311523	33.8867520517848
51.6716169311523	33.8867065586707
51.6717169311523	33.8866610655567
51.6718169311523	33.8866155724427
51.6719169311523	33.8865700793287
51.6720169311523	33.8865245862146
51.6721169311523	33.8864790931006
51.6722169311523	33.8864335999866
51.6723169311523	33.8863881068725
51.6724169311523	33.8863426137585
51.6725169311523	33.8862971206445
51.6726169311523	33.8862516275305
51.6727169311523	33.8862061344164
51.6728169311523	33.8861606413024
51.6729169311523	33.8861151481884
51.6730169311523	33.8860696550744
51.6731169311523	33.8860241619603
51.6732169311523	33.8859786688463
51.6733169311523	33.8859331757323
51.6734169311523	33.8858876826183
51.6735169311523	33.8858421895042
51.6736169311523	33.8857966963902
51.6737169311523	33.8857512032762
51.6738169311523	33.8857057101622
51.6739169311523	33.8856602170481
51.6740169311523	33.8856147239341
51.6741169311523	33.8855692308201
51.6742169311523	33.8855237377060
51.6743169311523	33.8854782445920
51.6744169311523	33.8854327514780
51.6745169311523	33.8853872583640
51.6746169311523	33.8853417652499
51.6747169311523	33.8852962721359
51.6748169311523	33.8852507790219
51.6749169311523	33.8852052859079
51.6750169311523	33.8851597927938
51.6751169311523	33.8851142996798
51.6752169311523	33.8850688065658
51.6753169311523	33.8850233134518
51.6754169311523	33.8849778203377
51.6755169311523	33.8849323272237
51.6756169311523	33.8848868341097
51.6757169311523	33.8848413409957
51.6758169311523	33.8847958478816
51.6759169311523	33.8847503547676
51.6760169311523	33.8847048616536
51.6761169311523	33.8846593685395
51.6762169311523	33.8846138754255
51.6763169311523	33.8845683823115
51.6764169311523	33.8845228891975
51.6765169311523	33.8844773960834
51.6766169311523	33.8844319029694
51.6767169311523	33.8843864098554
51.6768169311523	33.8843409167414
51.6769169311523	33.8842954236273
51.6770169311523	33.8842499305133
51.6771169311523	33.8842044373993
51.6772169311523	33.8841589442853
51.6773169311523	33.8841134511712
51.6774169311523	33.8840679580572
51.6775169311523	33.8840224649432
51.6776169311523	33.8839769718291
51.6777169311523	33.8839314787151
51.6778169311523	33.8838859856011
51.6779169311523	33.8838404924871
51.6780169311523	33.8837949993730
51.6781169311523	33.8837495062590
51.6782169311523	33.8837040131450
51.6783169311523	33.8836585200310
51.6784169311523	33.8836130269169
51.6785169311523	33.8835675338029
51.6786169311523	33.8835220406889
51.6787169311523	33.8834765475749
51.6788169311523	33.8834310544608
51.6789169311523	33.8833855613468
51.6790169311523	33.8833400682328
51.6791169311523	33.8832945751188
51.6792169311523	33.8832490820047
51.6793169311523	33.8832035888907
51.6794169311523	33.8831580957767
51.6795169311523	33.8831126026626
51.6796169311523	33.8830671095486
51.6797169311523	33.8830216164346
51.6798169311523	33.8829761233206
51.6799169311523	33.8829306302065
51.6800169311523	33.8828851370925
51.6801169311523	33.8828396439785
51.6802169311523	33.8827941508645
51.6803169311523	33.8827486577504
51.6804169311523	33.8827031646364
51.6805169311523	33.8826576715224
51.6806169311523	33.8826121784083
51.6807169311523	33.8825666852943
51.6808169311523	33.8825211921803
51.6809169311523	33.8824756990663
51.6810169311523	33.8824302059522
51.6811169311523	33.8823847128382
51.6812169311523	33.8823392197242
51.6813169311523	33.8822937266102
51.6814169311523	33.8822482334961
51.6815169311523	33.8822027403821
51.6816169311523	33.8821572472681
51.6817169311523	33.8821117541541
51.6818169311523	33.8820662610400
51.6819169311523	33.8820207679260
51.6820169311523	33.8819752748120
51.6821169311523	33.8819297816980
51.6822169311523	33.8818842885839
51.6823169311523	33.8818387954699
51.6824169311523	33.8817933023559
51.6825169311523	33.8817478092418
51.6826169311523	33.8817023161278
51.6827169311523	33.8816568230138
51.6828169311523	33.8816113298998
51.6829169311523	33.8815658367857
51.6830169311523	33.8815203436717
51.6831169311523	33.8814748505577
51.6832169311523	33.8814293574437
51.6833169311523	33.8813838643296
51.6834169311523	33.8813383712156
51.6835169311523	33.8812928781016
51.6836169311523	33.8812473849876
51.6837169311523	33.8812018918735
51.6838169311523	33.8811563987595
51.6839169311523	33.8811109056455
51.6840169311523	33.8810654125315
51.6841169311523	33.8810199194174
51.6842169311523	33.8809744263034
51.6843169311523	33.8809289331894
51.6844169311523	33.8808834400753
51.6845169311523	33.8808379469613
51.6846169311523	33.8807924538473
51.6847169311523	33.8807469607333
51.6848169311523	33.8807014676192
51.6849169311523	33.8806559745052
51.6850169311523	33.8806104813912
51.6851169311523	33.8805649882772
51.6852169311523	33.8805194951631
51.6853169311523	33.8804740020491
51.6854169311523	33.8804285089351
51.6855169311523	33.8803830158211
51.6856169311523	33.8803375227070
51.6857169311523	33.8802920295930
51.6858169311523	33.8802465364790
51.6859169311523	33.8802010433649
51.6860169311523	33.8801555502509
51.6861169311523	33.8801100571369
51.6862169311523	33.8800645640229
51.6863169311523	33.8800190709088
51.6864169311523	33.8799735777948
51.6865169311523	33.8799280846808
51.6866169311523	33.8798825915668
51.6867169311523	33.8798370984527
51.6868169311523	33.8797916053387
51.6869169311523	33.8797461122247
51.6870169311523	33.8797006191107
51.6871169311523	33.8796551259966
51.6872169311523	33.8796096328826
51.6873169311523	33.8795641397686
51.6874169311523	33.8795186466545
51.6875169311523	33.8794731535405
51.6876169311523	33.8794276604265
51.6877169311523	33.8793821673125
51.6878169311523	33.8793366741984
51.6879169311523	33.8792911810844
51.6880169311523	33.8792456879704
51.6881169311523	33.8792001948564
51.6882169311523	33.8791547017423
51.6883169311523	33.8791092086283
51.6884169311523	33.8790637155143
51.6885169311523	33.8790182224003
51.6886169311523	33.8789727292862
51.6887169311523	33.8789272361722
51.6888169311523	33.8788817430582
51.6889169311523	33.8788362499441
51.6890169311523	33.8787907568301
51.6891169311523	33.8787452637161
51.6892169311523	33.8786997706021
51.6893169311523	33.8786542774880
51.6894169311523	33.8786087843740
51.6895169311523	33.8785632912600
51.6896169311523	33.8785177981460
51.6897169311523	33.8784723050319
51.6898169311523	33.8784268119179
51.6899169311523	33.8783813188039
51.6900169311523	33.8783358256899
51.6901169311523	33.8782903325758
51.6902169311523	33.8782448394618
51.6903169311523	33.8781993463478
51.6904169311523	33.8781538532338
51.6905169311523	33.8781083601197
51.6906169311523	33.8780628670057
51.6907169311523	33.8780173738917
51.6908169311523	33.8779718807777
51.6909169311523	33.8779263876636
51.6910169311523	33.8778808945496
51.6911169311523	33.8778354014356
51.6912169311523	33.8777899083215
51.6913169311523	33.8777444152075
51.6914169311523	33.8776989220935
51.6915169311523	33.8776534289795
51.6916169311523	33.8776079358654
51.6917169311523	33.8775624427514
51.6918169311523	33.8775169496374
51.6919169311523	33.8774714565234
51.6920169311523	33.8774259634093
51.6921169311523	33.8773804702953
51.6922169311523	33.8773349771813
51.6923169311523	33.8772894840673
51.6924169311523	33.8772439909532
51.6925169311523	33.8771984978392
51.6926169311523	33.8771530047252
51.6927169311523	33.8771075116111
51.6928169311523	33.8770620184971
51.6929169311523	33.8770165253831
51.6930169311523	33.8769710322691
51.6931169311523	33.8769255391550
51.6932169311523	33.8768800460410
51.6933169311523	33.8768345529270
51.6934169311523	33.8767890598130
51.6935169311523	33.8767435666989
51.6936169311523	33.8766980735849
51.6937169311523	33.8766525804709
51.6938169311523	33.8766070873569
51.6939169311523	33.8765615942428
51.6940169311523	33.8765161011288
51.6941169311523	33.8764706080148
51.6942169311523	33.8764251149007
51.6943169311523	33.8763796217867
51.6944169311523	33.8763341286727
51.6945169311523	33.8762886355587
51.6946169311523	33.8762431424446
51.6947169311523	33.8761976493306
51.6948169311523	33.8761521562166
51.6949169311523	33.8761066631026
51.6950169311523	33.8760611699885
51.6951169311523	33.8760156768745
51.6952169311523	33.8759701837605
51.6953169311523	33.8759246906465
51.6954169311523	33.8758791975324
51.6955169311523	33.8758337044184
51.6956169311523	33.8757882113044
51.6957169311523	33.8757427181903
51.6958169311523	33.8756972250763
51.6959169311523	33.8756517319623
51.6960169311523	33.8756062388483
51.6961169311523	33.8755607457342
51.6962169311523	33.8755152526202
51.6963169311523	33.8754697595062
51.6964169311523	33.8754242663922
51.6965169311523	33.8753787732781
51.6966169311523	33.8753332801641
51.6967169311523	33.8752877870501
51.6968169311523	33.8752422939361
51.6969169311523	33.8751968008220
51.6970169311523	33.8751513077080
51.6971169311523	33.8751058145940
51.6972169311523	33.8750603214800
51.6973169311523	33.8750148283659
51.6974169311523	33.8749693352519
51.6975169311523	33.8749238421379
51.6976169311523	33.8748783490238
51.6977169311523	33.8748328559098
51.6978169311523	33.8747873627958
51.6979169311523	33.8747418696818
51.6980169311523	33.8746963765677
51.6981169311523	33.8746508834537
51.6982169311523	33.8746053903397
51.6983169311523	33.8745598972257
51.6984169311523	33.8745144041116
51.6985169311523	33.8744689109976
51.6986169311523	33.8744234178836
51.6987169311523	33.8743779247696
51.6988169311523	33.8743324316555
51.6989169311523	33.8742869385415
51.6990169311523	33.8742414454275
51.6991169311523	33.8741959523135
51.6992169311523	33.8741504591994
51.6993169311523	33.8741049660854
51.6994169311523	33.8740594729714
51.6995169311523	33.8740139798573
51.6996169311523	33.8739684867433
51.6997169311523	33.8739229936293
51.6998169311523	33.8738775005153
51.6999169311523	33.8738320074012
51.7000169311523	33.8737865142872
51.7001169311523	33.8737410211732
51.7002169311523	33.8736955280592
51.7003169311523	33.8736500349451
51.7004169311523	33.8736045418311
51.7005169311523	33.8735590487171
51.7006169311523	33.8735135556031
51.7007169311523	33.8734680624890
51.7008169311523	33.8734225693750
51.7009169311523	33.8733770762610
51.7010169311523	33.8733315831469
51.7011169311523	33.8732860900329
51.7012169311523	33.8732405969189
51.7013169311523	33.8731951038049
51.7014169311523	33.8731496106908
51.7015169311523	33.8731041175768
51.7016169311523	33.8730586244628
51.7017169311523	33.8730131313488
51.7018169311523	33.8729676382347
51.7019169311523	33.8729221451207
51.7020169311523	33.8728766520067
51.7021169311523	33.8728311588927
51.7022169311523	33.8727856657786
51.7023169311523	33.8727401726646
51.7024169311523	33.8726946795506
51.7025169311523	33.8726491864365
51.7026169311523	33.8726036933225
51.7027169311523	33.8725582002085
51.7028169311523	33.8725127070945
51.7029169311523	33.8724672139804
51.7030169311523	33.8724217208664
51.7031169311523	33.8723762277524
51.7032169311523	33.8723307346384
51.7033169311523	33.8722852415243
51.7034169311523	33.8722397484103
51.7035169311523	33.8721942552963
51.7036169311523	33.8721487621823
51.7037169311523	33.8721032690682
51.7038169311523	33.8720577759542
51.7039169311523	33.8720122828402
51.7040169311523	33.8719667897261
51.7041169311523	33.8719212966121
51.7042169311523	33.8718758034981
51.7043169311523	33.8718303103841
51.7044169311523	33.8717848172700
51.7045169311523	33.8717393241560
51.7046169311523	33.8716938310420
51.7047169311523	33.8716483379280
51.7048169311523	33.8716028448139
51.7049169311523	33.8715573516999
51.7050169311523	33.8715118585859
51.7051169311523	33.8714663654719
51.7052169311523	33.8714208723578
51.7053169311523	33.8713753792438
51.7054169311523	33.8713298861298
51.7055169311523	33.8712843930158
51.7056169311523	33.8712388999017
51.7057169311523	33.8711934067877
51.7058169311523	33.8711479136737
51.7059169311523	33.8711024205596
51.7060169311523	33.8710569274456
51.7061169311523	33.8710114343316
51.7062169311523	33.8709659412176
51.7063169311523	33.8709204481035
51.7064169311523	33.8708749549895
51.7065169311523	33.8708294618755
51.7066169311523	33.8707839687615
51.7067169311523	33.8707384756474
51.7068169311523	33.8706929825334
51.7069169311523	33.8706474894194
51.7070169311523	33.8706019963054
51.7071169311523	33.8705565031913
51.7072169311523	33.8705110100773
51.7073169311523	33.8704655169633
51.7074169311523	33.8704200238493
51.7075169311523	33.8703745307352
51.7076169311523	33.8703290376212
51.7077169311523	33.8702835445072
51.7078169311523	33.8702380513931
51.7079169311523	33.8701925582791
51.7080169311523	33.8701470651651
51.7081169311523	33.8701015720511
51.7082169311523	33.8700560789370
51.7083169311523	33.8700105858230
51.7084169311523	33.8699650927090
51.7085169311523	33.8699195995950
51.7086169311523	33.8698741064809
51.7087169311523	33.8698286133669
51.7088169311523	33.8697831202529
51.7089169311523	33.8697376271388
51.7090169311523	33.8696921340248
51.7091169311523	33.8696466409108
51.7092169311523	33.8696011477968
51.7093169311523	33.8695556546827
51.7094169311523	33.8695101615687
51.7095169311523	33.8694646684547
51.7096169311523	33.8694191753407
51.7097169311523	33.8693736822266
51.7098169311523	33.8693281891126
51.7099169311523	33.8692826959986
51.7100169311523	33.8692372028846
51.7101169311523	33.8691917097705
51.7102169311523	33.8691462166565
51.7103169311523	33.8691007235425
51.7104169311523	33.8690552304285
51.7105169311523	33.8690097373144
51.7106169311523	33.8689642442004
51.7107169311523	33.8689187510864
51.7108169311523	33.8688732579723
51.7109169311523	33.8688277648583
51.7110169311523	33.8687822717443
51.7111169311523	33.8687367786303
51.7112169311523	33.8686912855162
51.7113169311523	33.8686457924022
51.7114169311523	33.8686002992882
51.7115169311523	33.8685548061742
51.7116169311523	33.8685093130601
51.7117169311523	33.8684638199461
51.7118169311523	33.8684183268321
51.7119169311523	33.8683728337181
51.7120169311523	33.8683273406040
51.7121169311523	33.8682818474900
51.7122169311523	33.8682363543760
51.7123169311523	33.8681908612619
51.7124169311523	33.8681453681479
51.7125169311523	33.8680998750339
51.7126169311523	33.8680543819199
51.7127169311523	33.8680088888058
51.7128169311523	33.8679633956918
51.7129169311523	33.8679179025778
51.7130169311523	33.8678724094638
51.7131169311523	33.8678269163497
51.7132169311523	33.8677814232357
51.7133169311523	33.8677359301217
51.7134169311523	33.8676904370077
51.7135169311523	33.8676449438936
51.7136169311523	33.8675994507796
51.7137169311523	33.8675539576656
51.7138169311523	33.8675084645516
51.7139169311523	33.8674629714375
51.7140169311523	33.8674174783235
51.7141169311523	33.8673719852095
51.7142169311523	33.8673264920954
51.7143169311523	33.8672809989814
51.7144169311523	33.8672355058674
51.7145169311523	33.8671900127534
51.7146169311523	33.8671445196393
51.7147169311523	33.8670990265253
51.7148169311523	33.8670535334113
51.7149169311523	33.8670080402973
51.7150169311523	33.8669625471832
51.7151169311523	33.8669170540692
51.7152169311523	33.8668715609552
51.7153169311523	33.8668260678412
51.7154169311523	33.8667805747271
51.7155169311523	33.8667350816131
51.7156169311523	33.8666895884991
51.7157169311523	33.8666440953851
51.7158169311523	33.8665986022710
51.7159169311523	33.8665531091570
51.7160169311523	33.8665076160430
51.7161169311523	33.8664621229289
51.7162169311523	33.8664166298149
51.7163169311523	33.8663711367009
51.7164169311523	33.8663256435869
51.7165169311523	33.8662801504728
51.7166169311523	33.8662346573588
51.7167169311523	33.8661891642448
51.7168169311523	33.8661436711308
51.7169169311523	33.8660981780167
51.7170169311523	33.8660526849027
51.7171169311523	33.8660071917887
51.7172169311523	33.8659616986747
51.7173169311523	33.8659162055606
51.7174169311523	33.8658707124466
51.7175169311523	33.8658252193326
51.7176169311523	33.8657797262185
51.7177169311523	33.8657342331045
51.7178169311523	33.8656887399905
51.7179169311523	33.8656432468765
51.7180169311523	33.8655977537624
51.7181169311523	33.8655522606484
51.7182169311523	33.8655067675344
51.7183169311523	33.8654612744204
51.7184169311523	33.8654157813063
51.7185169311523	33.8653702881923
51.7186169311523	33.8653247950783
51.7187169311523	33.8652793019643
51.7188169311523	33.8652338088502
51.7189169311523	33.8651883157362
51.7190169311523	33.8651428226222
51.7191169311523	33.8650973295081
51.7192169311523	33.8650518363941
51.7193169311523	33.8650063432801
51.7194169311523	33.8649608501661
51.7195169311523	33.8649153570520
51.7196169311523	33.8648698639380
51.7197169311523	33.8648243708240
51.7198169311523	33.8647788777100
51.7199169311523	33.8647333845959
51.7200169311523	33.8646878914819
51.7201169311523	33.8646423983679
51.7202169311523	33.8645969052539
51.7203169311523	33.8645514121398
51.7204169311523	33.8645059190258
51.7205169311523	33.8644604259118
51.7206169311523	33.8644149327978
51.7207169311523	33.8643694396837
51.7208169311523	33.8643239465697
51.7209169311523	33.8642784534557
51.7210169311523	33.8642329603416
51.7211169311523	33.8641874672276
51.7212169311523	33.8641419741136
51.7213169311523	33.8640964809996
51.7214169311523	33.8640509878855
51.7215169311523	33.8640054947715
51.7216169311523	33.8639600016575
51.7217169311523	33.8639145085435
51.7218169311523	33.8638690154294
51.7219169311523	33.8638235223154
51.7220169311523	33.8637780292014
51.7221169311523	33.8637325360874
51.7222169311523	33.8636870429733
51.7223169311523	33.8636415498593
51.7224169311523	33.8635960567453
51.7225169311523	33.8635505636312
51.7226169311523	33.8635050705172
51.7227169311523	33.8634595774032
51.7228169311523	33.8634140842892
51.7229169311523	33.8633685911751
51.7230169311523	33.8633230980611
51.7231169311523	33.8632776049471
51.7232169311523	33.8632321118331
51.7233169311523	33.8631866187190
51.7234169311523	33.8631411256050
51.7235169311523	33.8630956324910
51.7236169311523	33.8630501393770
51.7237169311523	33.8630046462629
51.7238169311523	33.8629591531489
51.7239169311523	33.8629136600349
51.7240169311523	33.8628681669209
51.7241169311523	33.8628226738068
51.7242169311523	33.8627771806928
51.7243169311523	33.8627316875788
51.7244169311523	33.8626861944647
51.7245169311523	33.8626407013507
51.7246169311523	33.8625952082367
51.7247169311523	33.8625497151227
51.7248169311523	33.8625042220086
51.7249169311523	33.8624587288946
51.7250169311523	33.8624132357806
51.7251169311523	33.8623677426666
51.7251968383789	33.8623313903809
51.7252968383789	33.8622581056403
51.7253968383789	33.8621848208998
51.7254968383789	33.8621115361593
51.7255968383789	33.8620382514187
51.7256968383789	33.8619649666782
51.7257968383789	33.8618916819377
51.7258968383789	33.8618183971971
51.7259968383789	33.8617451124566
51.7260968383789	33.8616718277161
51.7261968383789	33.8615985429755
51.7262968383789	33.8615252582350
51.7263968383789	33.8614519734945
51.7264968383789	33.8613786887539
51.7265968383789	33.8613054040134
51.7266968383789	33.8612321192728
51.7267968383789	33.8611588345323
51.7268968383789	33.8610855497918
51.7269968383789	33.8610122650512
51.7270968383789	33.8609389803107
51.7271968383789	33.8608656955702
51.7272968383789	33.8607924108296
51.7273968383789	33.8607191260891
51.7274968383789	33.8606458413486
51.7275968383789	33.8605725566080
51.7276968383789	33.8604992718675
51.7277968383789	33.8604259871270
51.7278968383789	33.8603527023864
51.7279968383789	33.8602794176459
51.7280968383789	33.8602061329054
51.7281968383789	33.8601328481648
51.7282968383789	33.8600595634243
51.7283968383789	33.8599862786838
51.7284968383789	33.8599129939432
51.7285968383789	33.8598397092027
51.7286968383789	33.8597664244622
51.7287968383789	33.8596931397216
51.7288968383789	33.8596198549811
51.7289968383789	33.8595465702406
51.7290968383789	33.8594732855000
51.7291968383789	33.8594000007595
51.7292968383789	33.8593267160190
51.7293968383789	33.8592534312784
51.7294968383789	33.8591801465379
51.7295968383789	33.8591068617974
51.7296968383789	33.8590335770568
51.7297968383789	33.8589602923163
51.7298968383789	33.8588870075757
51.7299968383789	33.8588137228352
51.7300968383789	33.8587404380947
51.7301968383789	33.8586671533541
51.7302968383789	33.8585938686136
51.7303968383789	33.8585205838731
51.7304968383789	33.8584472991325
51.7305968383789	33.8583740143920
51.7306968383789	33.8583007296515
51.7307968383789	33.8582274449109
51.7308968383789	33.8581541601704
51.7309968383789	33.8580808754299
51.7310968383789	33.8580075906893
51.7311968383789	33.8579343059488
51.7312968383789	33.8578610212083
51.7313968383789	33.8577877364677
51.7314968383789	33.8577144517272
51.7315968383789	33.8576411669867
51.7316968383789	33.8575678822461
51.7317968383789	33.8574945975056
51.7318968383789	33.8574213127651
51.7319968383789	33.8573480280245
51.7320968383789	33.8572747432840
51.7321968383789	33.8572014585435
51.7322968383789	33.8571281738029
51.7323968383789	33.8570548890624
51.7324968383789	33.8569816043219
51.7325968383789	33.8569083195813
51.7326968383789	33.8568350348408
51.7327968383789	33.8567617501003
51.7328968383789	33.8566884653597
51.7329968383789	33.8566151806192
51.7330968383789	33.8565418958787
51.7331968383789	33.8564686111381
51.7332968383789	33.8563953263976
51.7333968383789	33.8563220416570
51.7334968383789	33.8562487569165
51.7335968383789	33.8561754721760
51.7336968383789	33.8561021874354
51.7337968383789	33.8560289026949
51.7338968383789	33.8559556179544
51.7339968383789	33.8558823332138
51.7340968383789	33.8558090484733
51.7341968383789	33.8557357637328
51.7342968383789	33.8556624789922
51.7343968383789	33.8555891942517
51.7344968383789	33.8555159095112
51.7345968383789	33.8554426247706
51.7346968383789	33.8553693400301
51.7347968383789	33.8552960552896
51.7348968383789	33.8552227705490
51.7349968383789	33.8551494858085
51.7350968383789	33.8550762010680
51.7351968383789	33.8550029163274
51.7352968383789	33.8549296315869
51.7353968383789	33.8548563468464
51.7354968383789	33.8547830621058
51.7355968383789	33.8547097773653
51.7356968383789	33.8546364926248
51.7357968383789	33.8545632078842
51.7358968383789	33.8544899231437
51.7359968383789	33.8544166384032
51.7360968383789	33.8543433536626
51.7361968383789	33.8542700689221
51.7362968383789	33.8541967841815
51.7363968383789	33.8541234994410
51.7364968383789	33.8540502147005
51.7365968383789	33.8539769299599
51.7366968383789	33.8539036452194
51.7367968383789	33.8538303604789
51.7368968383789	33.8537570757383
51.7369968383789	33.8536837909978
51.7370968383789	33.8536105062573
51.7371968383789	33.8535372215167
51.7372968383789	33.8534639367762
51.7373968383789	33.8533906520357
51.7374968383789	33.8533173672951
51.7375968383789	33.8532440825546
51.7376968383789	33.8531707978141
51.7377968383789	33.8530975130735
51.7378968383789	33.8530242283330
51.7379968383789	33.8529509435925
51.7380968383789	33.8528776588519
51.7381968383789	33.8528043741114
51.7382968383789	33.8527310893709
51.7383968383789	33.8526578046303
51.7384968383789	33.8525845198898
51.7385968383789	33.8525112351493
51.7386968383789	33.8524379504087
51.7387968383789	33.8523646656682
51.7388968383789	33.8522913809277
51.7389968383789	33.8522180961871
51.7390968383789	33.8521448114466
51.7391968383789	33.8520715267061
51.7392968383789	33.8519982419655
51.7393968383789	33.8519249572250
51.7394968383789	33.8518516724844
51.7395968383789	33.8517783877439
51.7396968383789	33.8517051030034
51.7397968383789	33.8516318182628
51.7398968383789	33.8515585335223
51.7399968383789	33.8514852487818
51.7400968383789	33.8514119640412
51.7401968383789	33.8513386793007
51.7402968383789	33.8512653945602
51.7403968383789	33.8511921098196
51.7404968383789	33.8511188250791
51.7405968383789	33.8510455403386
51.7406968383789	33.8509722555980
51.7407968383789	33.8508989708575
51.7408968383789	33.8508256861170
51.7409968383789	33.8507524013764
51.7410968383789	33.8506791166359
51.7411968383789	33.8506058318954
51.7412968383789	33.8505325471548
51.7413968383789	33.8504592624143
51.7414968383789	33.8503859776738
51.7415968383789	33.8503126929332
51.7416968383789	33.8502394081927
51.7417968383789	33.8501661234522
51.7418968383789	33.8500928387116
51.7419968383789	33.8500195539711
51.7420968383789	33.8499462692306
51.7421968383789	33.8498729844900
51.7422968383789	33.8497996997495
51.7423968383789	33.8497264150090
51.7424968383789	33.8496531302684
51.7425968383789	33.8495798455279
51.7426968383789	33.8495065607874
51.7427968383789	33.8494332760468
51.7428968383789	33.8493599913063
51.7429968383789	33.8492867065657
51.7430968383789	33.8492134218252
51.7431968383789	33.8491401370847
51.7432968383789	33.8490668523441
51.7433968383789	33.8489935676036
51.7434968383789	33.8489202828631
51.7435968383789	33.8488469981225
51.7436968383789	33.8487737133820
51.7437968383789	33.8487004286415
51.7438968383789	33.8486271439009
51.7439968383789	33.8485538591604
51.7440968383789	33.8484805744199
51.7441968383789	33.8484072896793
51.7442968383789	33.8483340049388
51.7443968383789	33.8482607201983
51.7444968383789	33.8481874354577
51.7445968383789	33.8481141507172
51.7446968383789	33.8480408659767
51.7447968383789	33.8479675812361
51.7448968383789	33.8478942964956
51.7449968383789	33.8478210117551
51.7450968383789	33.8477477270145
51.7451968383789	33.8476744422740
51.7452968383789	33.8476011575335
51.7453968383789	33.8475278727929
51.7454968383789	33.8474545880524
51.7455968383789	33.8473813033119
51.7456968383789	33.8473080185713
51.7457968383789	33.8472347338308
51.7458968383789	33.8471614490903
51.7459968383789	33.8470881643497
51.7460968383789	33.8470148796092
51.7461968383789	33.8469415948686
51.7462968383789	33.8468683101281
51.7463968383789	33.8467950253876
51.7464968383789	33.8467217406470
51.7465968383789	33.8466484559065
51.7466968383789	33.8465751711660
51.7467968383789	33.8465018864254
51.7468968383789	33.8464286016849
51.7469968383789	33.8463553169444
51.7470968383789	33.8462820322038
51.7471968383789	33.8462087474633
51.7472968383789	33.8461354627228
51.7473968383789	33.8460621779822
51.7474968383789	33.8459888932417
51.7475968383789	33.8459156085012
51.7476968383789	33.8458423237606
51.7477968383789	33.8457690390201
51.7478968383789	33.8456957542796
51.7479968383789	33.8456224695390
51.7480968383789	33.8455491847985
51.7481968383789	33.8454759000580
51.7482968383789	33.8454026153174
51.7483968383789	33.8453293305769
51.7484968383789	33.8452560458364
51.7485968383789	33.8451827610958
51.7486968383789	33.8451094763553
51.7487968383789	33.8450361916148
51.7488968383789	33.8449629068742
51.7489968383789	33.8448896221337
51.7490968383789	33.8448163373932
51.7491968383789	33.8447430526526
51.7492968383789	33.8446697679121
51.7493968383789	33.8445964831715
51.7494968383789	33.8445231984310
51.7495968383789	33.8444499136905
51.7496968383789	33.8443766289499
51.7497968383789	33.8443033442094
51.7498968383789	33.8442300594689
51.7499968383789	33.8441567747283
51.7500968383789	33.8440834899878
51.7501968383789	33.8440102052473
51.7502968383789	33.8439369205067
51.7503968383789	33.8438636357662
51.7504968383789	33.8437903510257
51.7505968383789	33.8437170662851
51.7506968383789	33.8436437815446
51.7507968383789	33.8435704968041
51.7508968383789	33.8434972120635
51.7509968383789	33.8434239273230
51.7510968383789	33.8433506425825
51.7511968383789	33.8432773578419
51.7512968383789	33.8432040731014
51.7513968383789	33.8431307883609
51.7514968383789	33.8430575036203
51.7515968383789	33.8429842188798
51.7516968383789	33.8429109341393
51.7517968383789	33.8428376493987
51.7518968383789	33.8427643646582
51.7519968383789	33.8426910799177
51.7520968383789	33.8426177951771
51.7521968383789	33.8425445104366
51.7522968383789	33.8424712256961
51.7523968383789	33.8423979409555
51.7524968383789	33.8423246562150
51.7525968383789	33.8422513714745
51.7526968383789	33.8421780867339
51.7527968383789	33.8421048019934
51.7528968383789	33.8420315172528
51.7529968383789	33.8419582325123
51.7530968383789	33.8418849477718
51.7531968383789	33.8418116630312
51.7532968383789	33.8417383782907
51.7533968383789	33.8416650935502
51.7534968383789	33.8415918088096
51.7535968383789	33.8415185240691
51.7536968383789	33.8414452393286
51.7537968383789	33.8413719545880
51.7538968383789	33.8412986698475
51.7539968383789	33.8412253851070
51.7540968383789	33.8411521003664
51.7541968383789	33.8410788156259
51.7542968383789	33.8410055308854
51.7543968383789	33.8409322461448
51.7544968383789	33.8408589614043
51.7545968383789	33.8407856766638
51.7546968383789	33.8407123919232
51.7547968383789	33.8406391071827
51.7548968383789	33.8405658224422
51.7549968383789	33.8404925377016
51.7550968383789	33.8404192529611
51.7551968383789	33.8403459682206
51.7552968383789	33.8402726834800
51.7553968383789	33.8401993987395
51.7554968383789	33.8401261139990
51.7555968383789	33.8400528292584
51.7556968383789	33.8399795445179
51.7557968383789	33.8399062597773
51.7558968383789	33.8398329750368
51.7559968383789	33.8397596902963
51.7560968383789	33.8396864055557
51.7561968383789	33.8396131208152
51.7562968383789	33.8395398360747
51.7563968383789	33.8394665513341
51.7564968383789	33.8393932665936
51.7565968383789	33.8393199818531
51.7566968383789	33.8392466971125
51.7567968383789	33.8391734123720
51.7568968383789	33.8391001276315
51.7569968383789	33.8390268428909
51.7570968383789	33.8389535581504
51.7571968383789	33.8388802734099
51.7572968383789	33.8388069886693
51.7573968383789	33.8387337039288
51.7574968383789	33.8386604191883
51.7575968383789	33.8385871344477
51.7576968383789	33.8385138497072
51.7577968383789	33.8384405649667
51.7578968383789	33.8383672802261
51.7579968383789	33.8382939954856
51.7580968383789	33.8382207107451
51.7581968383789	33.8381474260045
51.7582968383789	33.8380741412640
51.7583968383789	33.8380008565235
51.7584968383789	33.8379275717829
51.7585968383789	33.8378542870424
51.7586968383789	33.8377810023019
51.7587968383789	33.8377077175613
51.7588968383789	33.8376344328208
51.7589968383789	33.8375611480803
51.7590968383789	33.8374878633397
51.7591968383789	33.8374145785992
51.7592968383789	33.8373412938586
51.7593968383789	33.8372680091181
51.7594968383789	33.8371947243776
51.7595968383789	33.8371214396370
51.7596968383789	33.8370481548965
51.7597968383789	33.8369748701560
51.7598968383789	33.8369015854154
51.7599968383789	33.8368283006749
51.7600968383789	33.8367550159344
51.7601968383789	33.8366817311938
51.7602968383789	33.8366084464533
51.7603968383789	33.8365351617128
51.7604968383789	33.8364618769722
51.7605968383789	33.8363885922317
51.7606968383789	33.8363153074912
51.7607968383789	33.8362420227506
51.7608968383789	33.8361687380101
51.7609968383789	33.8360954532696
51.7610968383789	33.8360221685290
51.7611968383789	33.8359488837885
51.7612968383789	33.8358755990480
51.7613968383789	33.8358023143074
51.7614968383789	33.8357290295669
51.7615968383789	33.8356557448264
51.7616968383789	33.8355824600858
51.7617968383789	33.8355091753453
51.7618968383789	33.8354358906048
51.7619968383789	33.8353626058642
51.7620968383789	33.8352893211237
51.7621968383789	33.8352160363831
51.7622968383789	33.8351427516426
51.7623968383789	33.8350694669021
51.7624968383789	33.8349961821616
51.7625968383789	33.8349228974210
51.7626968383789	33.8348496126805
51.7627968383789	33.8347763279400
51.7628968383789	33.8347030431994
51.7629968383789	33.8346297584589
51.7630968383789	33.8345564737183
51.7631968383789	33.8344831889778
51.7632968383789	33.8344099042373
51.7633968383789	33.8343366194967
51.7634968383789	33.8342633347562
51.7635968383789	33.8341900500157
51.7636968383789	33.8341167652751
51.7637968383789	33.8340434805346
51.7638968383789	33.8339701957941
51.7639968383789	33.8338969110535
51.7640968383789	33.8338236263130
51.7641968383789	33.8337503415725
51.7642968383789	33.8336770568319
51.7643968383789	33.8336037720914
51.7644968383789	33.8335304873509
51.7645968383789	33.8334572026103
51.7646968383789	33.8333839178698
51.7647968383789	33.8333106331293
51.7648968383789	33.8332373483887
51.7649968383789	33.8331640636482
51.7650968383789	33.8330907789076
51.7651968383789	33.8330174941671
51.7652968383789	33.8329442094266
51.7653968383789	33.8328709246861
51.7654968383789	33.8327976399455
51.7655968383789	33.8327243552050
51.7656968383789	33.8326510704645
51.7657968383789	33.8325777857239
51.7658968383789	33.8325045009834
51.7659968383789	33.8324312162428
51.7660968383789	33.8323579315023
51.7661968383789	33.8322846467618
51.7662968383789	33.8322113620212
51.7663968383789	33.8321380772807
51.7664968383789	33.8320647925402
51.7665968383789	33.8319915077996
51.7666968383789	33.8319182230591
51.7667968383789	33.8318449383186
51.7668968383789	33.8317716535780
51.7669968383789	33.8316983688375
51.7670968383789	33.8316250840970
51.7671968383789	33.8315517993564
51.7672968383789	33.8314785146159
51.7673968383789	33.8314052298754
51.7674968383789	33.8313319451348
51.7675968383789	33.8312586603943
51.7676968383789	33.8311853756538
51.7677968383789	33.8311120909132
51.7678968383789	33.8310388061727
51.7679968383789	33.8309655214322
51.7680968383789	33.8308922366916
51.7681968383789	33.8308189519511
51.7682968383789	33.8307456672106
51.7683968383789	33.8306723824700
51.7684968383789	33.8305990977295
51.7685968383789	33.8305258129890
51.7686968383789	33.8304525282484
51.7687968383789	33.8303792435079
51.7688968383789	33.8303059587674
51.7689968383789	33.8302326740268
51.7690968383789	33.8301593892863
51.7691968383789	33.8300861045457
51.7692968383789	33.8300128198052
51.7693968383789	33.8299395350647
51.7694968383789	33.8298662503241
51.7695968383789	33.8297929655836
51.7696968383789	33.8297196808431
51.7697968383789	33.8296463961025
51.7698968383789	33.8295731113620
51.7699968383789	33.8294998266215
51.7700968383789	33.8294265418809
51.7701968383789	33.8293532571404
51.7702968383789	33.8292799723999
51.7703968383789	33.8292066876593
51.7704968383789	33.8291334029188
51.7705968383789	33.8290601181783
51.7706968383789	33.8289868334377
51.7707968383789	33.8289135486972
51.7708968383789	33.8288402639567
51.7709968383789	33.8287669792161
51.7710968383789	33.8286936944756
51.7711968383789	33.8286204097351
51.7712968383789	33.8285471249945
51.7713968383789	33.8284738402540
51.7714968383789	33.8284005555135
51.7715968383789	33.8283272707729
51.7716968383789	33.8282539860324
51.7717968383789	33.8281807012919
51.7718968383789	33.8281074165513
51.7719968383789	33.8280341318108
51.7720968383789	33.8279608470703
51.7721968383789	33.8278875623297
51.7722968383789	33.8278142775892
51.7723968383789	33.8277409928486
51.7724968383789	33.8276677081081
51.7725968383789	33.8275944233676
51.7726968383789	33.8275211386270
51.7727968383789	33.8274478538865
51.7728968383789	33.8273745691460
51.7729968383789	33.8273012844054
51.7730968383789	33.8272279996649
51.7731968383789	33.8271547149244
51.7732968383789	33.8270814301838
51.7733968383789	33.8270081454433
51.7734968383789	33.8269348607028
51.7735968383789	33.8268615759622
51.7736968383789	33.8267882912217
51.7737968383789	33.8267150064812
51.7738968383789	33.8266417217406
51.7739968383789	33.8265684370001
51.7740968383789	33.8264951522596
51.7741968383789	33.8264218675190
51.7742968383789	33.8263485827785
51.7743968383789	33.8262752980380
51.7744968383789	33.8262020132974
51.7745968383789	33.8261287285569
51.7746968383789	33.8260554438164
51.7747968383789	33.8259821590758
51.7748968383789	33.8259088743353
51.7749968383789	33.8258355895948
51.7750968383789	33.8257623048542
51.7751968383789	33.8256890201137
51.7752968383789	33.8256157353732
51.7753968383789	33.8255424506326
51.7754968383789	33.8254691658921
51.7755968383789	33.8253958811515
51.7756968383789	33.8253225964110
51.7757968383789	33.8252493116705
51.7758968383789	33.8251760269299
51.7759968383789	33.8251027421894
51.7760968383789	33.8250294574489
51.7761968383789	33.8249561727083
51.7762968383789	33.8248828879678
51.7763968383789	33.8248096032273
51.7764968383789	33.8247363184867
51.7765968383789	33.8246630337462
51.7766968383789	33.8245897490057
51.7767968383789	33.8245164642651
51.7768968383789	33.8244431795246
51.7769968383789	33.8243698947841
51.7770968383789	33.8242966100435
51.7771968383789	33.8242233253030
51.7772968383789	33.8241500405625
51.7773968383789	33.8240767558219
51.7774968383789	33.8240034710814
51.7775968383789	33.8239301863409
51.7776968383789	33.8238569016003
51.7777968383789	33.8237836168598
51.7778968383789	33.8237103321193
51.7779968383789	33.8236370473787
51.7780968383789	33.8235637626382
51.7781968383789	33.8234904778977
51.7782968383789	33.8234171931571
51.7783968383789	33.8233439084166
51.7784968383789	33.8232706236761
51.7785968383789	33.8231973389355
51.7786968383789	33.8231240541950
51.7787968383789	33.8230507694545
51.7788968383789	33.8229774847139
51.7789968383789	33.8229041999734
51.7790968383789	33.8228309152328
51.7791968383789	33.8227576304923
51.7792968383789	33.8226843457518
51.7793968383789	33.8226110610112
51.7794968383789	33.8225377762707
51.7795968383789	33.8224644915302
51.7796968383789	33.8223912067896
51.7797968383789	33.8223179220491
51.7798968383789	33.8222446373086
51.7799968383789	33.8221713525680
51.7800968383789	33.8220980678275
51.7801968383789	33.8220247830870
51.7802968383789	33.8219514983464
51.7803968383789	33.8218782136059
51.7804968383789	33.8218049288654
51.7805968383789	33.8217316441248
51.7806968383789	33.8216583593843
51.7807968383789	33.8215850746438
51.7808968383789	33.8215117899032
51.7809968383789	33.8214385051627
51.7810968383789	33.8213652204222
51.7811968383789	33.8212919356816
51.7812968383789	33.8212186509411
51.7813968383789	33.8211453662006
51.7814968383789	33.8210720814600
51.7815968383789	33.8209987967195
51.7816968383789	33.8209255119790
51.7817968383789	33.8208522272384
51.7818968383789	33.8207789424979
51.7819968383789	33.8207056577573
51.7820968383789	33.8206323730168
51.7821968383789	33.8205590882763
51.7822968383789	33.8204858035357
51.7823968383789	33.8204125187952
51.7824968383789	33.8203392340547
51.7825968383789	33.8202659493141
51.7826968383789	33.8201926645736
51.7827968383789	33.8201193798331
51.7828968383789	33.8200460950925
51.7829968383789	33.8199728103520
51.7830968383789	33.8198995256115
51.7831968383789	33.8198262408709
51.7832968383789	33.8197529561304
51.7833968383789	33.8196796713899
51.7834968383789	33.8196063866493
51.7835968383789	33.8195331019088
51.7836968383789	33.8194598171683
51.7837968383789	33.8193865324277
51.7838968383789	33.8193132476872
51.7839968383789	33.8192399629467
51.7840968383789	33.8191666782061
51.7841968383789	33.8190933934656
51.7842968383789	33.8190201087251
51.7843968383789	33.8189468239845
51.7844968383789	33.8188735392440
51.7845968383789	33.8188002545035
51.7846968383789	33.8187269697629
51.7847968383789	33.8186536850224
51.7848968383789	33.8185804002819
51.7849968383789	33.8185071155413
51.7850968383789	33.8184338308008
51.7851968383789	33.8183605460603
51.7852968383789	33.8182872613197
51.7853968383789	33.8182139765792
51.7854968383789	33.8181406918386
51.7855968383789	33.8180674070981
51.7856968383789	33.8179941223576
51.7857968383789	33.8179208376170
51.7858968383789	33.8178475528765
51.7859968383789	33.8177742681360
51.7860968383789	33.8177009833954
51.7861968383789	33.8176276986549
51.7862968383789	33.8175544139144
51.7863968383789	33.8174811291738
51.7864968383789	33.8174078444333
51.7865968383789	33.8173345596928
51.7866968383789	33.8172612749522
51.7867968383789	33.8171879902117
51.7868968383789	33.8171147054712
51.7869968383789	33.8170414207306
51.7870968383789	33.8169681359901
51.7871968383789	33.8168948512496
51.7872968383789	33.8168215665090
51.7873968383789	33.8167482817685
51.7874968383789	33.8166749970280
51.7875968383789	33.8166017122874
51.7876968383789	33.8165284275469
51.7877968383789	33.8164551428064
51.7878968383789	33.8163818580658
51.7879968383789	33.8163085733253
51.7880968383789	33.8162352885848
51.7881968383789	33.8161620038442
51.7882968383789	33.8160887191037
51.7883968383789	33.8160154343632
51.7884968383789	33.8159421496226
51.7885968383789	33.8158688648821
51.7886968383789	33.8157955801416
51.7887968383789	33.8157222954010
51.7888968383789	33.8156490106605
51.7889968383789	33.8155757259199
51.7890968383789	33.8155024411794
51.7891968383789	33.8154291564389
51.7892968383789	33.8153558716983
51.7893968383789	33.8152825869578
51.7894968383789	33.8152093022173
51.7895968383789	33.8151360174767
51.7896968383789	33.8150627327362
51.7897968383789	33.8149894479957
51.7898968383789	33.8149161632551
51.7899968383789	33.8148428785146
51.7900968383789	33.8147695937741
51.7901968383789	33.8146963090335
51.7902968383789	33.8146230242930
51.7903968383789	33.8145497395525
51.7904968383789	33.8144764548119
51.7905968383789	33.8144031700714
51.7906968383789	33.8143298853309
51.7907968383789	33.8142566005903
51.7908968383789	33.8141833158498
51.7909968383789	33.8141100311093
51.7910968383789	33.8140367463687
51.7911968383789	33.8139634616282
51.7912968383789	33.8138901768877
51.7913968383789	33.8138168921471
51.7914968383789	33.8137436074066
51.7915968383789	33.8136703226661
51.7916968383789	33.8135970379255
51.7917968383789	33.8135237531850
51.7918968383789	33.8134504684444
51.7919968383789	33.8133771837039
51.7920968383789	33.8133038989634
51.7921968383789	33.8132306142228
51.7922968383789	33.8131573294823
51.7923968383789	33.8130840447418
51.7924968383789	33.8130107600012
51.7925968383789	33.8129374752607
51.7926968383789	33.8128641905202
51.7927968383789	33.8127909057796
51.7928968383789	33.8127176210391
51.7929968383789	33.8126443362986
51.7930968383789	33.8125710515580
51.7931968383789	33.8124977668175
51.7932968383789	33.8124244820770
51.7933968383789	33.8123511973364
51.7934968383789	33.8122779125959
51.7935968383789	33.8122046278554
51.7936968383789	33.8121313431148
51.7937968383789	33.8120580583743
51.7938968383789	33.8119847736338
51.7939968383789	33.8119114888932
51.7940968383789	33.8118382041527
51.7941968383789	33.8117649194122
51.7942968383789	33.8116916346716
51.7943968383789	33.8116183499311
51.7944968383789	33.8115450651906
51.7945968383789	33.8114717804500
51.7946968383789	33.8113984957095
51.7947968383789	33.8113252109689
51.7948968383789	33.8112519262284
51.7949968383789	33.8111786414879
51.7950968383789	33.8111053567474
51.7951968383789	33.8110320720068
51.7952968383789	33.8109587872663
51.7953968383789	33.8108855025257
51.7954968383789	33.8108122177852
51.7955968383789	33.8107389330447
51.7956968383789	33.8106656483041
51.7957968383789	33.8105923635636
51.7958968383789	33.8105190788231
51.7959968383789	33.8104457940825
51.7960968383789	33.8103725093420
51.7961968383789	33.8102992246015
51.7962968383789	33.8102259398609
51.7963968383789	33.8101526551204
51.7964968383789	33.8100793703799
51.7965968383789	33.8100060856393
51.7966968383789	33.8099328008988
51.7967968383789	33.8098595161583
51.7968968383789	33.8097862314177
51.7969968383789	33.8097129466772
51.7970968383789	33.8096396619367
51.7971968383789	33.8095663771961
51.7972968383789	33.8094930924556
51.7973968383789	33.8094198077151
51.7974968383789	33.8093465229745
51.7975968383789	33.8092732382340
51.7976968383789	33.8091999534935
51.7977968383789	33.8091266687529
51.7978968383789	33.8090533840124
51.7979968383789	33.8089800992719
51.7980968383789	33.8089068145313
51.7981968383789	33.8088335297908
51.7982968383789	33.8087602450503
51.7983968383789	33.8086869603097
51.7984968383789	33.8086136755692
51.7985968383789	33.8085403908286
51.7986968383789	33.8084671060881
51.7987968383789	33.8083938213476
51.7988968383789	33.8083205366070
51.7989968383789	33.8082472518665
51.7990968383789	33.8081739671260
51.7991968383789	33.8081006823854
51.7992968383789	33.8080273976449
51.7993968383789	33.8079541129044
51.7994968383789	33.8078808281638
51.7995968383789	33.8078075434233
51.7996968383789	33.8077342586828
51.7997968383789	33.8076609739422
51.7998968383789	33.8075876892017
51.7999968383789	33.8075144044612
51.8000968383789	33.8074411197206
51.8001968383789	33.8073678349801
51.8002968383789	33.8072945502396
51.8003968383789	33.8072212654990
51.8004968383789	33.8071479807585
51.8005968383789	33.8070746960180
51.8006968383789	33.8070014112774
51.8007968383789	33.8069281265369
51.8008968383789	33.8068548417964
51.8009968383789	33.8067815570558
51.8010968383789	33.8067082723153
51.8011968383789	33.8066349875748
51.8012968383789	33.8065617028342
51.8013968383789	33.8064884180937
51.8014968383789	33.8064151333531
51.8015968383789	33.8063418486126
51.8016968383789	33.8062685638721
51.8017968383789	33.8061952791315
51.8018968383789	33.8061219943910
51.8019968383789	33.8060487096505
51.8020968383789	33.8059754249099
51.8021968383789	33.8059021401694
51.8022968383789	33.8058288554289
51.8023968383789	33.8057555706883
51.8024968383789	33.8056822859478
51.8025968383789	33.8056090012073
51.8026968383789	33.8055357164667
51.8027968383789	33.8054624317262
51.8028968383789	33.8053891469857
51.8029968383789	33.8053158622451
51.8030968383789	33.8052425775046
51.8031968383789	33.8051692927641
51.8032968383789	33.8050960080235
51.8033968383789	33.8050227232830
51.8034968383789	33.8049494385425
51.8035968383789	33.8048761538019
51.8036968383789	33.8048028690614
51.8037968383789	33.8047295843209
51.8038968383789	33.8046562995803
51.8039968383789	33.8045830148398
51.8040968383789	33.8045097300993
51.8041968383789	33.8044364453587
51.8042968383789	33.8043631606182
51.8043968383789	33.8042898758777
51.8044968383789	33.8042165911371
51.8045968383789	33.8041433063966
51.8046968383789	33.8040700216560
51.8047968383789	33.8039967369155
51.8048968383789	33.8039234521750
51.8049968383789	33.8038501674345
51.8050968383789	33.8037768826939
51.8051968383789	33.8037035979534
51.8052968383789	33.8036303132128
51.8053968383789	33.8035570284723
51.8054968383789	33.8034837437318
51.8055968383789	33.8034104589912
51.8056968383789	33.8033371742507
51.8057968383789	33.8032638895102
51.8058968383789	33.8031906047696
51.8059968383789	33.8031173200291
51.8060968383789	33.8030440352886
51.8061968383789	33.8029707505480
51.8062968383789	33.8028974658075
51.8063968383789	33.8028241810670
51.8064968383789	33.8027508963264
51.8065968383789	33.8026776115859
51.8066968383789	33.8026043268454
51.8067968383789	33.8025310421048
51.8068968383789	33.8024577573643
51.8069968383789	33.8023844726238
51.8070968383789	33.8023111878832
51.8071968383789	33.8022379031427
51.8072968383789	33.8021646184022
51.8073968383789	33.8020913336616
51.8074968383789	33.8020180489211
51.8075968383789	33.8019447641806
51.8076968383789	33.8018714794400
51.8077968383789	33.8017981946995
51.8078968383789	33.8017249099590
51.8079968383789	33.8016516252184
51.8080968383789	33.8015783404779
51.8081968383789	33.8015050557374
51.8082968383789	33.8014317709968
51.8083968383789	33.8013584862563
51.8084968383789	33.8012852015157
51.8085968383789	33.8012119167752
51.8086968383789	33.8011386320347
51.8087968383789	33.8010653472941
51.8088968383789	33.8009920625536
51.8089968383789	33.8009187778131
51.8090968383789	33.8008454930725
51.8091968383789	33.8007722083320
51.8092968383789	33.8006989235915
51.8093968383789	33.8006256388509
51.8094968383789	33.8005523541104
51.8095968383789	33.8004790693699
51.8096968383789	33.8004057846293
51.8097968383789	33.8003324998888
51.8098968383789	33.8002592151483
51.8099968383789	33.8001859304077
51.8100968383789	33.8001126456672
51.8101968383789	33.8000393609267
51.8102968383789	33.7999660761861
51.8103968383789	33.7998927914456
51.8104968383789	33.7998195067051
51.8105968383789	33.7997462219645
51.8106968383789	33.7996729372240
51.8107968383789	33.7995996524835
51.8108968383789	33.7995263677429
51.8109968383789	33.7994530830024
51.8110968383789	33.7993797982618
51.8111968383789	33.7993065135213
51.8112968383789	33.7992332287808
51.8113968383789	33.7991599440403
51.8114968383789	33.7990866592997
51.8115968383789	33.7990133745592
51.8116968383789	33.7989400898186
51.8117968383789	33.7988668050781
51.8118968383789	33.7987935203376
51.8119968383789	33.7987202355970
51.8120968383789	33.7986469508565
51.8121968383789	33.7985736661160
51.8122968383789	33.7985003813754
51.8123968383789	33.7984270966349
51.8124968383789	33.7983538118944
51.8125968383789	33.7982805271538
51.8126968383789	33.7982072424133
51.8127968383789	33.7981339576728
51.8128968383789	33.7980606729322
51.8129968383789	33.7979873881917
51.8130968383789	33.7979141034512
51.8131968383789	33.7978408187106
51.8132968383789	33.7977675339701
51.8133968383789	33.7976942492296
51.8134968383789	33.7976209644890
51.8135968383789	33.7975476797485
51.8136968383789	33.7974743950080
51.8137968383789	33.7974011102674
51.8138968383789	33.7973278255269
51.8139968383789	33.7972545407864
51.8140968383789	33.7971812560458
51.8141968383789	33.7971079713053
51.8142968383789	33.7970346865648
51.8143968383789	33.7969614018242
51.8144968383789	33.7968881170837
51.8145968383789	33.7968148323431
51.8146968383789	33.7967415476026
51.8147968383789	33.7966682628621
51.8148968383789	33.7965949781216
51.8149968383789	33.7965216933810
51.8150968383789	33.7964484086405
51.8151968383789	33.7963751238999
51.8152968383789	33.7963018391594
51.8153968383789	33.7962285544189
51.8154968383789	33.7961552696783
51.8155968383789	33.7960819849378
51.8156968383789	33.7960087001973
51.8157968383789	33.7959354154567
51.8158968383789	33.7958621307162
51.8159968383789	33.7957888459757
51.8160968383789	33.7957155612351
51.8161968383789	33.7956422764946
51.8162968383789	33.7955689917541
51.8163968383789	33.7954957070135
51.8164968383789	33.7954224222730
51.8165968383789	33.7953491375325
51.8166968383789	33.7952758527919
51.8167968383789	33.7952025680514
51.8168968383789	33.7951292833109
51.8169968383789	33.7950559985703
51.8170968383789	33.7949827138298
51.8171968383789	33.7949094290893
51.8172968383789	33.7948361443487
51.8173968383789	33.7947628596082
51.8174968383789	33.7946895748677
51.8175968383789	33.7946162901271
51.8176968383789	33.7945430053866
51.8177968383789	33.7944697206460
51.8178968383789	33.7943964359055
51.8179968383789	33.7943231511650
51.8180968383789	33.7942498664244
51.8181968383789	33.7941765816839
51.8182968383789	33.7941032969434
51.8183968383789	33.7940300122028
51.8184968383789	33.7939567274623
51.8185968383789	33.7938834427218
51.8186968383789	33.7938101579812
51.8187968383789	33.7937368732407
51.8188968383789	33.7936635885002
51.8189968383789	33.7935903037596
51.8190968383789	33.7935170190191
51.8191968383789	33.7934437342786
51.8192968383789	33.7933704495380
51.8193968383789	33.7932971647975
51.8194968383789	33.7932238800570
51.8195968383789	33.7931505953164
51.8196968383789	33.7930773105759
51.8197968383789	33.7930040258354
51.8198968383789	33.7929307410948
51.8199968383789	33.7928574563543
51.8200968383789	33.7927841716138
51.8201968383789	33.7927108868732
51.8202968383789	33.7926376021327
51.8203968383789	33.7925643173922
51.8204968383789	33.7924910326516
51.8205968383789	33.7924177479111
51.8206968383789	33.7923444631706
51.8207968383789	33.7922711784300
51.8208968383789	33.7921978936895
51.8209968383789	33.7921246089489
51.8210968383789	33.7920513242084
51.8211968383789	33.7919780394679
51.8212968383789	33.7919047547273
51.8213968383789	33.7918314699868
51.8214968383789	33.7917581852463
51.8215968383789	33.7916849005057
51.8216968383789	33.7916116157652
51.8217968383789	33.7915383310247
51.8218968383789	33.7914650462841
51.8219968383789	33.7913917615436
51.8220968383789	33.7913184768031
51.8221968383789	33.7912451920625
51.8222968383789	33.7911719073220
51.8223968383789	33.7910986225815
51.8224968383789	33.7910253378409
51.8225968383789	33.7909520531004
51.8226968383789	33.7908787683599
51.8227968383789	33.7908054836193
51.8228968383789	33.7907321988788
51.8229968383789	33.7906589141383
51.8230968383789	33.7905856293977
51.8231968383789	33.7905123446572
51.8232968383789	33.7904390599167
51.8233968383789	33.7903657751761
51.8234968383789	33.7902924904356
51.8235968383789	33.7902192056951
51.8236968383789	33.7901459209545
51.8237968383789	33.7900726362140
51.8238968383789	33.7899993514735
51.8239968383789	33.7899260667329
51.8240968383789	33.7898527819924
51.8241968383789	33.7897794972518
51.8242968383789	33.7897062125113
51.8243968383789	33.7896329277708
51.8244968383789	33.7895596430302
51.8245968383789	33.7894863582897
51.8246968383789	33.7894130735492
51.8247968383789	33.7893397888086
51.8248968383789	33.7892665040681
51.8249968383789	33.7891932193276
51.8250968383789	33.7891199345870
51.8251968383789	33.7890466498465
51.8252968383789	33.7889733651060
51.8253968383789	33.7889000803654
51.8254968383789	33.7888267956249
51.8255968383789	33.7887535108844
51.8256968383789	33.7886802261438
51.8257968383789	33.7886069414033
51.8258968383789	33.7885336566628
51.8259968383789	33.7884603719222
51.8260968383789	33.7883870871817
51.8261968383789	33.7883138024412
51.8262968383789	33.7882405177006
51.8263968383789	33.7881672329601
51.8264968383789	33.7880939482196
51.8265968383789	33.7880206634790
51.8266968383789	33.7879473787385
51.8267968383789	33.7878740939980
51.8268968383789	33.7878008092574
51.8269968383789	33.7877275245169
51.8270968383789	33.7876542397764
51.8271968383789	33.7875809550358
51.8272968383789	33.7875076702953
51.8273968383789	33.7874343855548
51.8274968383789	33.7873611008142
51.8275968383789	33.7872878160737
51.8276968383789	33.7872145313332
51.8277968383789	33.7871412465926
51.8278968383789	33.7870679618521
51.8279968383789	33.7869946771115
51.8280968383789	33.7869213923710
51.8281968383789	33.7868481076305
51.8282968383789	33.7867748228899
51.8283968383789	33.7867015381494
51.8284968383789	33.7866282534089
51.8285968383789	33.7865549686683
51.8286968383789	33.7864816839278
51.8287968383789	33.7864083991873
51.8288968383789	33.7863351144467
51.8289968383789	33.7862618297062
51.8290968383789	33.7861885449657
51.8291968383789	33.7861152602251
51.8292968383789	33.7860419754846
51.8293968383789	33.7859686907441
51.8294968383789	33.7858954060035
51.8295968383789	33.7858221212630
51.8296968383789	33.7857488365225
51.8297968383789	33.7856755517819
51.8298968383789	33.7856022670414
51.8299968383789	33.7855289823009
51.8300968383789	33.7854556975603
51.8301968383789	33.7853824128198
51.8302968383789	33.7853091280793
51.8303968383789	33.7852358433387
51.8304968383789	33.7851625585982
51.8305968383789	33.7850892738577
51.8306968383789	33.7850159891171
51.8307968383789	33.7849427043766
51.8308968383789	33.7848694196360
51.8309968383789	33.7847961348955
51.8310968383789	33.7847228501550
51.8311968383789	33.7846495654144
51.8312968383789	33.7845762806739
51.8313968383789	33.7845029959334
51.8314968383789	33.7844297111928
51.8315968383789	33.7843564264523
51.8316968383789	33.7842831417118
51.8317968383789	33.7842098569712
51.8318968383789	33.7841365722307
51.8319968383789	33.7840632874902
51.8320968383789	33.7839900027496
51.8321968383789	33.7839167180091
51.8322968383789	33.7838434332686
51.8323968383789	33.7837701485280
51.8324968383789	33.7836968637875
51.8325968383789	33.7836235790470
51.8326968383789	33.7835502943064
51.8327968383789	33.7834770095659
51.8328968383789	33.7834037248254
51.8329968383789	33.7833304400848
51.8330968383789	33.7832571553443
51.8331968383789	33.7831838706038
51.8332968383789	33.7831105858632
51.8333968383789	33.7830373011227
51.8334968383789	33.7829640163822
51.8335968383789	33.7828907316416
51.8336968383789	33.7828174469011
51.8337968383789	33.7827441621606
51.8338968383789	33.7826708774200
51.8339968383789	33.7825975926795
51.8340968383789	33.7825243079390
51.8341968383789	33.7824510231984
51.8342968383789	33.7823777384579
51.8343968383789	33.7823044537173
51.8344968383789	33.7822311689768
51.8345968383789	33.7821578842363
51.8346968383789	33.7820845994957
51.8347968383789	33.7820113147552
51.8348968383789	33.7819380300147
51.8349968383789	33.7818647452741
51.8350968383789	33.7817914605336
51.8351968383789	33.7817181757931
51.8352968383789	33.7816448910525
51.8353968383789	33.7815716063120
51.8354968383789	33.7814983215715
51.8355968383789	33.7814250368309
51.8356968383789	33.7813517520904
51.8357968383789	33.7812784673499
51.8358968383789	33.7812051826093
51.8359968383789	33.7811318978688
51.8360968383789	33.7810586131283
51.8361968383789	33.7809853283877
51.8362968383789	33.7809120436472
51.8363968383789	33.7808387589067
51.8364968383789	33.7807654741661
51.8365968383789	33.7806921894256
51.8366968383789	33.7806189046851
51.8367968383789	33.7805456199445
51.8368968383789	33.7804723352040
51.8369968383789	33.7803990504635
51.8370968383789	33.7803257657229
51.8371968383789	33.7802524809824
51.8372968383789	33.7801791962418
51.8373968383789	33.7801059115013
51.8374968383789	33.7800326267608
51.8375968383789	33.7799593420203
51.8376968383789	33.7798860572797
51.8377968383789	33.7798127725392
51.8378968383789	33.7797394877986
51.8379968383789	33.7796662030581
51.8380968383789	33.7795929183176
51.8381968383789	33.7795196335770
51.8382968383789	33.7794463488365
51.8383968383789	33.7793730640960
51.8384968383789	33.7792997793554
51.8385968383789	33.7792264946149
51.8386968383789	33.7791532098744
51.8387968383789	33.7790799251338
51.8388968383789	33.7790066403933
51.8389968383789	33.7789333556528
51.8390968383789	33.7788600709122
51.8391968383789	33.7787867861717
51.8392968383789	33.7787135014312
51.8393968383789	33.7786402166906
51.8394968383789	33.7785669319501
51.8395968383789	33.7784936472096
51.8396968383789	33.7784203624690
51.8397968383789	33.7783470777285
51.8398968383789	33.7782737929880
51.8399968383789	33.7782005082474
51.8400968383789	33.7781272235069
51.8401968383789	33.7780539387664
51.8402968383789	33.7779806540258
51.8403968383789	33.7779073692853
51.8404968383789	33.7778340845447
51.8405968383789	33.7777607998042
51.8406968383789	33.7776875150637
51.8407968383789	33.7776142303231
51.8408968383789	33.7775409455826
51.8409968383789	33.7774676608421
51.8410968383789	33.7773943761015
51.8411968383789	33.7773210913610
51.8412968383789	33.7772478066205
51.8413968383789	33.7771745218799
51.8414968383789	33.7771012371394
51.8415968383789	33.7770279523989
51.8416968383789	33.7769546676583
51.8417968383789	33.7768813829178
51.8418968383789	33.7768080981773
51.8419968383789	33.7767348134367
51.8420968383789	33.7766615286962
51.8421968383789	33.7765882439557
51.8422968383789	33.7765149592151
51.8423968383789	33.7764416744746
51.8424968383789	33.7763683897341
51.8425968383789	33.7762951049935
51.8426968383789	33.7762218202530
51.8427968383789	33.7761485355125
51.8428968383789	33.7760752507719
51.8429968383789	33.7760019660314
51.8430968383789	33.7759286812909
51.8431968383789	33.7758553965503
51.8432968383789	33.7757821118098
51.8433968383789	33.7757088270693
51.8434968383789	33.7756355423287
51.8435968383789	33.7755622575882
51.8436968383789	33.7754889728477
51.8437968383789	33.7754156881071
51.8438968383789	33.7753424033666
51.8439968383789	33.7752691186261
51.8440968383789	33.7751958338855
51.8441968383789	33.7751225491450
51.8442968383789	33.7750492644044
51.8443968383789	33.7749759796639
51.8444968383789	33.7749026949234
51.8445968383789	33.7748294101828
51.8446968383789	33.7747561254423
51.8447968383789	33.7746828407018
51.8448968383789	33.7746095559612
51.8449968383789	33.7745362712207
51.8450968383789	33.7744629864802
51.8451968383789	33.7743897017396
51.8452968383789	33.7743164169991
51.8453968383789	33.7742431322586
51.8454968383789	33.7741698475180
51.8455968383789	33.7740965627775
51.8456968383789	33.7740232780370
51.8457968383789	33.7739499932964
51.8458968383789	33.7738767085559
51.8459968383789	33.7738034238154
51.8460968383789	33.7737301390748
51.8461968383789	33.7736568543343
51.8462968383789	33.7735835695938
51.8463968383789	33.7735102848532
51.8464968383789	33.7734370001127
51.8465968383789	33.7733637153722
51.8466968383789	33.7732904306316
51.8467968383789	33.7732171458911
51.8468968383789	33.7731438611505
51.8469968383789	33.7730705764100
51.8470968383789	33.7729972916695
51.8471968383789	33.7729240069289
51.8472968383789	33.7728507221884
51.8473968383789	33.7727774374479
51.8474968383789	33.7727041527073
51.8475968383789	33.7726308679668
51.8476968383789	33.7725575832263
51.8477968383789	33.7724842984857
51.8478968383789	33.7724110137452
51.8479968383789	33.7723377290047
51.8480968383789	33.7722644442641
51.8481968383789	33.7721911595236
51.8482968383789	33.7721178747831
51.8483968383789	33.7720445900425
51.8484968383789	33.7719713053020
51.8485968383789	33.7718980205615
51.8486968383789	33.7718247358209
51.8487968383789	33.7717514510804
51.8488968383789	33.7716781663399
51.8489968383789	33.7716048815993
51.8490968383789	33.7715315968588
51.8491968383789	33.7714583121183
51.8492968383789	33.7713850273777
51.8493968383789	33.7713117426372
51.8494968383789	33.7712384578967
51.8495968383789	33.7711651731561
51.8496968383789	33.7710918884156
51.8497968383789	33.7710186036751
51.8498968383789	33.7709453189345
51.8499968383789	33.7708720341940
51.8500968383789	33.7707987494535
51.8501968383789	33.7707254647129
51.8502968383789	33.7706521799724
51.8503968383789	33.7705788952319
51.8504968383789	33.7705056104913
51.8505968383789	33.7704323257508
51.8506968383789	33.7703590410102
51.8507968383789	33.7702857562697
51.8508968383789	33.7702124715292
51.8509968383789	33.7701391867886
51.8510968383789	33.7700659020481
51.8511968383789	33.7699926173076
51.8512968383789	33.7699193325670
51.8513968383789	33.7698460478265
51.8514968383789	33.7697727630860
51.8515968383789	33.7696994783454
51.8516968383789	33.7696261936049
51.8517968383789	33.7695529088644
51.8518968383789	33.7694796241238
51.8519968383789	33.7694063393833
51.8520968383789	33.7693330546428
51.8521968383789	33.7692597699022
51.8522968383789	33.7691864851617
51.8523968383789	33.7691132004212
51.8524968383789	33.7690399156806
51.8525968383789	33.7689666309401
51.8526968383789	33.7688933461996
51.8527968383789	33.7688200614590
51.8528968383789	33.7687467767185
51.8529968383789	33.7686734919780
51.8530968383789	33.7686002072374
51.8531968383789	33.7685269224969
51.8532968383789	33.7684536377564
51.8533968383789	33.7683803530158
51.8534968383789	33.7683070682753
51.8535968383789	33.7682337835348
51.8536968383789	33.7681604987942
51.8537968383789	33.7680872140537
51.8538968383789	33.7680139293131
51.8539968383789	33.7679406445726
51.8540968383789	33.7678673598321
51.8541968383789	33.7677940750915
51.8542968383789	33.7677207903510
51.8543968383789	33.7676475056105
51.8544968383789	33.7675742208699
51.8545968383789	33.7675009361294
51.8546968383789	33.7674276513889
51.8547968383789	33.7673543666483
51.8548968383789	33.7672810819078
51.8549968383789	33.7672077971673
51.8550968383789	33.7671345124267
51.8551968383789	33.7670612276862
51.8552968383789	33.7669879429457
51.8553968383789	33.7669146582051
51.8554968383789	33.7668413734646
51.8555968383789	33.7667680887241
51.8556968383789	33.7666948039835
51.8557968383789	33.7666215192430
51.8558968383789	33.7665482345025
51.8559968383789	33.7664749497619
51.8560968383789	33.7664016650214
51.8561968383789	33.7663283802809
51.8562968383789	33.7662550955403
51.8563968383789	33.7661818107998
51.8564968383789	33.7661085260593
51.8565968383789	33.7660352413187
51.8566968383789	33.7659619565782
51.8567968383789	33.7658886718377
51.8568968383789	33.7658153870971
51.8569968383789	33.7657421023566
51.8570968383789	33.7656688176160
51.8571968383789	33.7655955328755
51.8572968383789	33.7655222481350
51.8573968383789	33.7654489633944
51.8574968383789	33.7653756786539
51.8575968383789	33.7653023939134
51.8576968383789	33.7652291091728
51.8577968383789	33.7651558244323
51.8578968383789	33.7650825396918
51.8579968383789	33.7650092549512
51.8580968383789	33.7649359702107
51.8581968383789	33.7648626854702
51.8582968383789	33.7647894007296
51.8583968383789	33.7647161159891
51.8584968383789	33.7646428312486
51.8585968383789	33.7645695465080
51.8586968383789	33.7644962617675
51.8587968383789	33.7644229770270
51.8588968383789	33.7643496922864
51.8589968383789	33.7642764075459
51.8590968383789	33.7642031228054
51.8591968383789	33.7641298380648
51.8592968383789	33.7640565533243
51.8593968383789	33.7639832685838
51.8594968383789	33.7639099838432
51.8595968383789	33.7638366991027
51.8596968383789	33.7637634143622
51.8597968383789	33.7636901296216
51.8598968383789	33.7636168448811
51.8599968383789	33.7635435601406
51.8600968383789	33.7634702754000
51.8601968383789	33.7633969906595
51.8602968383789	33.7633237059190
51.8603968383789	33.7632504211784
51.8604968383789	33.7631771364379
51.8605968383789	33.7631038516973
51.8606968383789	33.7630305669568
51.8607968383789	33.7629572822163
51.8608968383789	33.7628839974757
51.8609968383789	33.7628107127352
51.8610968383789	33.7627374279947
51.8611968383789	33.7626641432541
51.8612968383789	33.7625908585136
51.8613968383789	33.7625175737731
51.8614968383789	33.7624442890325
51.8615968383789	33.7623710042920
51.8616968383789	33.7622977195515
51.8617968383789	33.7622244348109
51.8618968383789	33.7621511500704
51.8619968383789	33.7620778653299
51.8620968383789	33.7620045805893
51.8621968383789	33.7619312958488
51.8622968383789	33.7618580111083
51.8623968383789	33.7617847263677
51.8624968383789	33.7617114416272
51.8625968383789	33.7616381568867
51.8626968383789	33.7615648721461
51.8627968383789	33.7614915874056
51.8628968383789	33.7614183026651
51.8629968383789	33.7613450179245
51.8630968383789	33.7612717331840
51.8631968383789	33.7611984484435
51.8632968383789	33.7611251637029
51.8633968383789	33.7610518789624
51.8634968383789	33.7609785942219
51.8635968383789	33.7609053094813
51.8636968383789	33.7608320247408
51.8637968383789	33.7607587400002
51.8638968383789	33.7606854552597
51.8639968383789	33.7606121705192
51.8640968383789	33.7605388857786
51.8641968383789	33.7604656010381
51.8642968383789	33.7603923162976
51.8643968383789	33.7603190315570
51.8644968383789	33.7602457468165
51.8645968383789	33.7601724620760
51.8646968383789	33.7600991773354
51.8647968383789	33.7600258925949
51.8648968383789	33.7599526078544
51.8649968383789	33.7598793231138
51.8650968383789	33.7598060383733
51.8651968383789	33.7597327536328
51.8652968383789	33.7596594688922
51.8653968383789	33.7595861841517
51.8654968383789	33.7595128994112
51.8655968383789	33.7594396146706
51.8656968383789	33.7593663299301
51.8657968383789	33.7592930451896
51.8658968383789	33.7592197604490
51.8659968383789	33.7591464757085
51.8660968383789	33.7590731909680
51.8661968383789	33.7589999062274
51.8662968383789	33.7589266214869
51.8663968383789	33.7588533367464
51.8664968383789	33.7587800520058
51.8665968383789	33.7587067672653
51.8666968383789	33.7586334825248
51.8667968383789	33.7585601977842
51.8668968383789	33.7584869130437
51.8669968383789	33.7584136283031
51.8670968383789	33.7583403435626
51.8671968383789	33.7582670588221
51.8672968383789	33.7581937740815
51.8673968383789	33.7581204893410
51.8674968383789	33.7580472046005
51.8675968383789	33.7579739198599
51.8676968383789	33.7579006351194
51.8677968383789	33.7578273503789
51.8678968383789	33.7577540656383
51.8679968383789	33.7576807808978
51.8680968383789	33.7576074961573
51.8681968383789	33.7575342114167
51.8682968383789	33.7574609266762
51.8683968383789	33.7573876419357
51.8684968383789	33.7573143571951
51.8685968383789	33.7572410724546
51.8686968383789	33.7571677877141
51.8687968383789	33.7570945029735
51.8688968383789	33.7570212182330
51.8689968383789	33.7569479334925
51.8690968383789	33.7568746487519
51.8691968383789	33.7568013640114
51.8692968383789	33.7567280792709
51.8693968383789	33.7566547945303
51.8694968383789	33.7565815097898
51.8695968383789	33.7565082250492
51.8696968383789	33.7564349403087
51.8697968383789	33.7563616555682
51.8698968383789	33.7562883708277
51.8699968383789	33.7562150860871
51.8700968383789	33.7561418013466
51.8701968383789	33.7560685166060
51.8702968383789	33.7559952318655
51.8703968383789	33.7559219471250
51.8704968383789	33.7558486623844
51.8705968383789	33.7557753776439
51.8706968383789	33.7557020929034
51.8707968383789	33.7556288081628
51.8708968383789	33.7555555234223
51.8709968383789	33.7554822386818
51.8710968383789	33.7554089539412
51.8711968383789	33.7553356692007
51.8712968383789	33.7552623844602
51.8713968383789	33.7551890997196
51.8714968383789	33.7551158149791
51.8715968383789	33.7550425302386
51.8716968383789	33.7549692454980
51.8717968383789	33.7548959607575
51.8718968383789	33.7548226760170
51.8719968383789	33.7547493912764
51.8720968383789	33.7546761065359
51.8721968383789	33.7546028217954
51.8722968383789	33.7545295370548
51.8723968383789	33.7544562523143
51.8724968383789	33.7543829675738
51.8725968383789	33.7543096828332
51.8726968383789	33.7542363980927
51.8727968383789	33.7541631133522
51.8728968383789	33.7540898286116
51.8729968383789	33.7540165438711
51.8730968383789	33.7539432591306
51.8731968383789	33.7538699743900
51.8732968383789	33.7537966896495
51.8733968383789	33.7537234049089
51.8734968383789	33.7536501201684
51.8735968383789	33.7535768354279
51.8736968383789	33.7535035506874
51.8737968383789	33.7534302659468
51.8738968383789	33.7533569812063
51.8739968383789	33.7532836964657
51.8740968383789	33.7532104117252
51.8741968383789	33.7531371269847
51.8742968383789	33.7530638422441
51.8743968383789	33.7529905575036
51.8744968383789	33.7529172727631
51.8745968383789	33.7528439880225
51.8746968383789	33.7527707032820
51.8747968383789	33.7526974185415
51.8748968383789	33.7526241338009
51.8749968383789	33.7525508490604
51.8750968383789	33.7524775643199
51.8751968383789	33.7524042795793
51.8752968383789	33.7523309948388
51.8753968383789	33.7522577100983
51.8754968383789	33.7521844253577
51.8755968383789	33.7521111406172
51.8756968383789	33.7520378558767
51.8757968383789	33.7519645711361
51.8758968383789	33.7518912863956
51.8759968383789	33.7518180016550
51.8760968383789	33.7517447169145
51.8761968383789	33.7516714321740
51.8762968383789	33.7515981474335
51.8763968383789	33.7515248626929
51.8764968383789	33.7514515779524
51.8765968383789	33.7513782932118
51.8766968383789	33.7513050084713
51.8767968383789	33.7512317237308
51.8768968383789	33.7511584389902
51.8769968383789	33.7510851542497
51.8770968383789	33.7510118695092
51.8771968383789	33.7509385847686
51.8772968383789	33.7508653000281
51.8773968383789	33.7507920152876
51.8774968383789	33.7507187305470
51.8775968383789	33.7506454458065
51.8776968383789	33.7505721610660
51.8777968383789	33.7504988763254
51.8778968383789	33.7504255915849
51.8779968383789	33.7503523068444
51.8780968383789	33.7502790221038
51.8781968383789	33.7502057373633
51.8782968383789	33.7501324526228
51.8783968383789	33.7500591678822
51.8784968383789	33.7499858831417